UUID,Title,First Name,Last Name,Street Address,Barangay,Municipality,Province,Country,Phone Number,Mobile Number,Company Name,Company Website,Job Title,Favorite Color,Birthdate,Email Address,Password
"c81cc7d5-ad77-333e-8a23-e29e9a79ed76","Mrs.","Albert","Bednar","51A/91 Zulauf Pike","bury","Pasig","Alabama","Puerto Rico","218-821-891","412-512-122","Mann, Kiehn and Huel","https://hansen.com/veniam-deserunt-voluptates-laborum-quis-et-libero-qui.html","Bicycle Repairer","gray","2001-09-20","edythe.cassin@hotmail.com","O(@>|.c"
"2dd3119c-4a9a-31d3-bd3e-4258110955e6","Prof.","Wilhelm","Renner","90 Paucek Locks Apt. 676","chester","Taguig","Illinois","Madagascar","229-635-714","022-062-428","Stracke, O'Kon and Rau","https://www.parker.com/eaque-quia-qui-cum-consequuntur-praesentium-enim-culpa","Electrolytic Plating Machine Operator","silver","2000-04-18","littel.alexandrea@ruecker.info","y+m.Rm}"
"6cb45dbb-17a2-3032-a42a-034c2334149d","Mr.","Bertram","Weimann","45/89 Simonis Locks Apt. 131","haven","Taguig","Tennessee","Benin","229-955-037","936-131-634","Lakin and Sons","http://www.kunze.com/accusantium-animi-quidem-aut-nostrum-et-molestias-suscipit.html","User Experience Manager","olive","1986-03-26","crowe@hotmail.com","XW""LMrb^lUQAq*6IqlHB"
"5c5c8730-7603-3ae8-ae37-03112fd02c8a","Prof.","Alexandra","Kreiger","56A Zulauf Court","town","San Pablo","Indiana","Malaysia","853-210-082","225-051-300","Hirthe-Thiel","http://www.rippin.com/expedita-nam-explicabo-esse-ea-quasi-aliquid","Transportation Equipment Maintenance","white","2024-06-24","lorenz69@carter.com","|79I`J|}g*q:ZtjVg*]A"
"ad7e8725-b1b5-3bf1-913a-ab30d5a6299d","Prof.","Trace","Botsford","78 Pacocha Coves Suite 705","chester","Antipolo","Illinois","Bangladesh","300-362-679","202-773-106","Koch, Corkery and Klein","https://www.ortiz.com/suscipit-rerum-et-et-nihil-deserunt-excepturi","Stonemason","blue","1981-05-28","reinger.angeline@toy.info","-EJF?s6N)x"
"ccf17eed-9520-3346-9f77-4d3be5dbc8e8","Dr.","Sonny","Hettinger","06A/66 Eichmann Wall","stad","Escalante","District of Columbia","Kuwait","628-297-797","002-249-205","Bartoletti, Schneider and Johnston","http://gorczany.com/ducimus-ea-molestiae-quaerat-qui-quae-suscipit-repellendus.html","Insulation Installer","maroon","1979-09-09","mosciski.manuel@gmail.com","2T6YbWKq2Sct*y)#XYS^"
"e06bc78d-ad29-310b-91e7-8064260d5a17","Mrs.","Germaine","Ryan","90A Goyette Mount","port","Toledo","Oregon","Azerbaijan","500-819-262","787-413-497","Harris Ltd","http://www.wuckert.info/aliquid-earum-et-totam-error-perspiciatis-ut","Letterpress Setters Operator","maroon","1997-12-18","orion92@hotmail.com","bS%,;ak-^UKh>!Cs`f"
"aa7351bf-7d86-3b24-9f86-816ab877a301","Mr.","Clementine","Jacobson","58A Blick Station Suite 049","furt","Tanauan","New Jersey","Bermuda","043-318-554","963-455-255","Hoppe LLC","http://zboncak.org/","Technical Program Manager","white","2001-01-07","upton.yadira@gutkowski.net","Q5_dj&"
"93bfd20e-924f-365e-9993-90afdc458e72","Prof.","Keagan","Schaefer","73A Kozey Manors","port","Cavite City","Louisiana","Jamaica","376-566-920","031-083-078","Weissnat, Labadie and Ryan","http://www.ledner.com/","Textile Knitting Machine Operator","black","2008-09-10","alba.hermiston@hotmail.com","=GoanV@/"
"381f5d3b-1663-3c04-b7a9-1083cb85d376","Mr.","Will","Ruecker","46/79 Hayes Lane Suite 105","fort","Cauayan","Georgia","Cambodia","225-664-552","287-298-995","Doyle-Gutmann","https://padberg.com/quam-cupiditate-aut-voluptas-voluptatibus-omnis.html","Preschool Teacher","gray","2015-04-04","chandler.kunze@gleichner.com","?yKv{zhEor;tyHcq|"
"62a18ffb-4374-3813-9307-251fd57cea6b","Mrs.","Armani","Macejkovic","81 Schaden Neck Suite 415","shire","Cabanatuan","Alabama","Russian Federation","787-102-741","514-570-286","Lubowitz Ltd","https://stokes.com/cupiditate-sed-dolor-velit-et-eos-corporis-quidem.html","Webmaster","navy","2007-06-14","zschinner@hauck.com","x9cUx]S4x}pZ'8T"
"0f510aa3-5e6e-371d-8a7c-6c99b3986d98","Prof.","Dejah","Goyette","09A/02 Kunde Island Suite 948","ton","Legazpi","North Dakota","United States Minor Outlying Islands","008-321-811","504-421-058","Jacobi-Sipes","http://www.satterfield.net/nesciunt-quisquam-ut-iusto","Agricultural Product Grader Sorter","gray","1978-05-07","cindy.cormier@yahoo.com","g\p%~aN"
"df785928-b6c8-3009-be10-d38e9bb5207a","Mr.","Gabriel","Wilkinson","59A/05 Cole Street","shire","Roxas","Utah","New Caledonia","301-633-123","901-652-569","Ondricka-Ledner","http://www.fadel.com/dolores-quia-occaecati-rerum-aut-facere-tempora-ea","Order Filler OR Stock Clerk","maroon","1994-04-06","fredy30@schuppe.net","@dF&9'am9"
"0192bc81-a821-3209-a2a9-3745123eb120","Mr.","Ressie","Terry","36A Corwin Brooks Apt. 218","haven","Zamboanga City","Oregon","Brunei Darussalam","329-500-514","972-406-232","Lindgren-Parisian","http://harris.org/aut-quae-excepturi-praesentium-omnis-dolore-est-eveniet-quia.html","Surveying Technician","olive","2013-10-14","kelsie36@mohr.com","?K?b\U"
"6cf71477-72cd-398f-8682-2b33c19fb3ca","Dr.","Bernie","Koss","14A/39 Doyle Harbors","land","Parañaque","District of Columbia","Wallis and Futuna","905-988-960","474-674-397","Mills and Sons","https://klocko.com/impedit-sit-eum-porro.html","Agricultural Inspector","blue","1995-03-26","sedrick.upton@yahoo.com","%92_Kn^S-6}r}xvR"
"1aca4b1c-d723-377b-b4f4-18b29317d8e6","Prof.","Hassie","Wolf","28A Hermiston Pass Apt. 374","side","Tangub","Alabama","Bolivia","229-227-665","795-458-894","Wilderman-Farrell","http://miller.info/est-eum-voluptate-aliquam-corporis-iure-sapiente-perspiciatis-aut","Travel Agent","black","1999-07-18","martin.wilkinson@abernathy.info","Al=[g@3#rr"
"64cb6e1f-776d-3554-8909-f8bc06c41514","Dr.","Unique","White","39A/87 Moen Passage Suite 961","ville","Muntinlupa","Oklahoma","Bosnia and Herzegovina","347-340-970","766-328-794","Waters, Hill and Rau","http://weissnat.info/voluptate-ab-non-hic-et","Biophysicist","fuchsia","1971-04-25","alycia94@gmail.com","P=R|<s]bun;6(="
"73ca52de-2917-3c58-99a9-ebcee80458f3","Mrs.","May","Bosco","42/39 Hills Extensions","chester","General Santos","Montana","Congo","004-175-517","493-567-893","Kovacek-Crooks","https://steuber.org/assumenda-in-sint-debitis-rerum-facilis-eos.html","Heating and Air Conditioning Mechanic","green","1970-12-30","maya62@gmail.com",")x(V`XO}BG>nsmL74,{"
"a837ecec-457e-33c5-9b6d-b102f5ebb313","Dr.","Burdette","Gusikowski","35A Hansen Lodge Apt. 103","side","Baguio","New Hampshire","Mexico","466-611-454","790-682-973","Dooley-Hayes","http://terry.com/","Timing Device Assemblers","silver","1979-10-17","bernard82@yundt.com","#w)Nq@c=@s|"
"ac964d2f-63ee-30cf-8061-7e3ceb007a23","Mrs.","Fiona","O'Conner","60 Ziemann Groves Apt. 917","port","Caloocan","New York","Belize","897-931-650","630-293-732","Huel and Sons","https://ebert.com/nihil-beatae-non-eius-sint-porro-quia-magni.html","Statistical Assistant","green","1992-11-30","jbuckridge@koepp.biz",",gXjc_S$bS"
"39d11f1d-d880-30ff-b352-54ed9457e8c1","Prof.","Karli","Koelpin","56/97 Carroll Pike","mouth","Cauayan","Kentucky","Christmas Island","357-230-670","860-015-010","Gusikowski, Strosin and Kessler","http://www.cartwright.info/blanditiis-nihil-optio-esse-ipsum-sint-cum-ad","Shipping and Receiving Clerk","black","2002-01-18","mann.roel@hotmail.com",",M|P.s-Uc.BZ|et1}M"
"d1af4158-71aa-3e61-bb0c-32742cdc07b8","Ms.","Eveline","Cartwright","21 Barrows Prairie","shire","Cauayan","Oregon","Oman","283-852-069","495-424-623","Ebert, Kihn and Bergnaum","https://www.kuhlman.com/ipsa-aliquam-impedit-incidunt-ipsa-nostrum-eum-eos","Job Printer","white","1982-01-21","giuseppe35@mitchell.com","=fAQ+68"
"51b173b6-d6ca-3565-956f-ae7f255defa0","Prof.","Jimmy","Turcotte","25A/08 Zemlak Stravenue Apt. 578","chester","Escalante","Arkansas","Macedonia","295-060-677","780-584-337","Wunsch, Nitzsche and Schinner","https://www.mohr.com/aliquid-consequatur-autem-eum-et-dolores-officiis-perferendis","Architectural Drafter","maroon","2020-10-16","kuhic.dewayne@aufderhar.com","`fC""twJ|@jKz!6"
"73b086d7-9679-32d2-a066-bd91c7876413","Prof.","Claude","Spinka","92/91 Botsford Walks Suite 450","ton","Bogo","Pennsylvania","Qatar","013-064-516","396-795-945","Runte, Prohaska and Marvin","http://glover.com/","MARCOM Director","aqua","2000-12-21","rudy.treutel@mraz.com","9O""16bP_XcZJM'mXyg*8"
"102f2992-8a44-3909-9244-50f220b7b42a","Miss","Emmalee","Feeney","58A/60 Lang Ferry","side","Trece Martires","Wisconsin","Saint Kitts and Nevis","036-037-668","288-656-300","Leffler Group","http://jakubowski.info/","Actuary","teal","1972-04-14","xgreenfelder@gmail.com","cDBuu]?_"
"2752c52c-41c3-3a39-828b-de2d0685395d","Prof.","Jocelyn","D'Amore","87/61 Emard Dam Apt. 382","mouth","Caloocan","Kansas","Bouvet Island (Bouvetoya)","960-503-815","786-584-002","Kohler-Tremblay","http://gutmann.com/tempora-sequi-perspiciatis-sint-inventore","Glazier","aqua","2002-05-28","greta.weber@hotmail.com","iuQ*~P}0E"
"ef04e1a5-c774-368b-9194-36b77bd37f0d","Mrs.","Murphy","Anderson","65 Towne Junction","ton","San Carlos","Texas","Mauritania","872-049-510","907-806-440","Pouros, Altenwerth and Wilderman","http://donnelly.com/","Metal Molding Operator","gray","1982-01-28","von.carey@adams.com","W}L:te/"
"dba0b8fe-563f-37fe-8383-486bd648d3fb","Mrs.","Shanon","Wuckert","38A Haley Plains","fort","Tayabas","Ohio","Georgia","924-374-014","125-871-894","Lubowitz, Christiansen and Bayer","http://lang.com/","Insurance Claims Clerk","purple","1984-11-10","liza.luettgen@hane.org","%2,-.ih3o0c"
"0d8999e6-f856-3a0e-874c-50b39dfa625e","Ms.","Claudine","Hane","03A/56 Monahan Lane Apt. 483","town","Iriga","Tennessee","Belize","680-551-987","249-144-336","Bergnaum Group","https://wunsch.com/quia-accusamus-vero-voluptates-vero-omnis-nobis-itaque.html","Vocational Education Teacher","green","2023-12-24","stehr.giovanna@yahoo.com","+Fk8y-*"
"eddc082e-5a26-3032-ba79-1425a3317c7b","Prof.","Tom","Kilback","81 Wisozk Views","port","Trece Martires","Kentucky","Pakistan","078-653-400","199-257-732","Bartell, Murray and Daniel","http://www.runolfsson.net/itaque-enim-officiis-praesentium.html","Administrative Services Manager","olive","2011-05-10","maiya.larkin@kuvalis.biz","n[_SR[F%5bT@X"
"aab5fe51-d560-347c-ac9b-2d764085e703","Prof.","Mac","Mayer","78 Ernser Street Apt. 653","mouth","Dapitan","Arkansas","Gambia","985-216-283","661-206-059","Lubowitz PLC","http://becker.com/at-atque-laudantium-excepturi-animi-itaque-officiis-cupiditate","Skin Care Specialist","teal","2022-06-29","dgrimes@hotmail.com","An{&>TGi-S]`+"
"29232a6a-3ea8-3de6-b941-b2f7ab0f4c49","Mr.","Reymundo","O'Connell","55/76 Effertz Vista","ton","Parañaque","Vermont","Canada","781-328-562","488-074-149","Denesik-Botsford","http://bauch.com/sed-commodi-odit-adipisci-voluptates-odit-accusantium-debitis","Credit Analyst","maroon","2012-03-01","veronica.hintz@schneider.com",",9,x^'Vb)=<"
"803f6f17-fb75-391d-b564-867079a85e7c","Dr.","Suzanne","Keeling","23 Wolff Land","haven","Maasin","Colorado","Egypt","066-717-208","137-324-236","Toy-Kub","http://www.rath.com/voluptatum-eveniet-voluptate-nulla-perspiciatis-provident","Private Sector Executive","black","1986-07-09","gkirlin@hotmail.com","5)Tb++pca/U'iX0d"
"2330a597-86b4-3c3f-bf65-d9be01f9a6be","Prof.","Lazaro","Collins","60 Turcotte Grove Apt. 361","ville","Calamba","Delaware","Christmas Island","337-074-293","702-511-837","Rogahn and Sons","http://www.haag.biz/","Surveying Technician","maroon","2013-09-10","guadalupe91@sanford.com","fQM6L1{A\n62"
"e8176943-99ea-3023-bd15-48fcbd029530","Prof.","Trace","Quitzon","87A/84 Batz Circle Apt. 938","town","Muntinlupa","Utah","Czech Republic","277-792-849","880-230-773","Barrows, Carroll and Dach","http://www.hintz.com/","Education Teacher","aqua","1987-11-23","ekeeling@lueilwitz.com","@Qf5`F"
"678557ae-f996-3d87-a04f-7ffdc1786316","Dr.","Jamey","Shanahan","64/57 Ondricka Fall Suite 980","town","Passi","Washington","Iran","971-674-970","606-875-454","Stroman-Fay","http://www.okeefe.info/placeat-deserunt-atque-ab-ipsum-assumenda-fugit-beatae","Residential Advisor","navy","1989-10-09","maxie74@frami.com","7R4>=]$("
"5b0c152c-cba7-351d-a297-aca1fd9fc5db","Mrs.","Jeromy","Harvey","10 Fritsch Dam","side","Bacolod","Vermont","Bahamas","429-881-716","288-725-567","Koepp, Corwin and Cormier","http://bruen.com/","Bridge Tender OR Lock Tender","fuchsia","1985-07-03","kenneth09@gmail.com","9LS*v5`TtCMzk$O"
"2661c3f9-fb95-3729-8d84-727bbea24d50","Prof.","Alisha","Wintheiser","40A/76 Powlowski Orchard Apt. 065","shire","Surigao City","Mississippi","Saint Kitts and Nevis","507-318-571","962-989-133","Cruickshank PLC","http://www.nikolaus.com/aut-sunt-velit-odit-sequi-quasi-sunt-et.html","Surgical Technologist","fuchsia","1993-03-12","yboyle@yahoo.com","%sFQghWYzjwka""MT"
"42bdcd9c-5f94-354b-9a58-7b6346e04207","Prof.","Ray","Berge","62A/80 Crona River","chester","Ozamiz","Kentucky","United States of America","236-085-815","758-345-478","Yundt LLC","http://www.smitham.net/","Metal Molding Operator","purple","2023-11-18","humberto58@auer.info","/;n9]%"
"abed7096-06d8-36f3-96c8-089c63226ab1","Mr.","Gail","Torp","44 Daugherty Freeway Apt. 509","borough","Dagupan","Montana","Belgium","783-232-149","285-308-796","Morissette-Rodriguez","http://www.smith.biz/est-voluptatibus-repellat-non-aut","Waiter","silver","2021-05-13","dessie.murray@kassulke.com","O3.:SHjtN7h"
"c3a11e9f-b822-3c44-9788-b005c311bec1","Dr.","Kelli","Blanda","20A/69 Tillman Ways Apt. 066","town","Las Piñas","New Hampshire","Jersey","260-722-622","370-493-599","Tromp, Reichert and Schmeler","http://www.waters.com/sit-quis-quos-enim-dignissimos-sapiente","Home Economics Teacher","green","2020-07-09","will69@gmail.com","qplnnP"
"80c2bf02-b096-3361-bcb6-8286690dcdce","Mr.","Carlie","Gleason","56 Upton Ranch","mouth","Bislig","Hawaii","Uganda","520-845-296","360-976-122","Dickens-Schmidt","http://kuhlman.org/reiciendis-sed-eum-magni-corporis-consequatur-et","Pastry Chef","olive","2023-09-16","pollich.chyna@heathcote.net","16_Cz$^'lnxQH*X>v@"
"f04ed67c-1498-3418-8658-cd134db5cdbc","Prof.","Madelyn","Quigley","47 Berge Route","view","Santiago","Oklahoma","Heard Island and McDonald Islands","822-107-981","907-059-855","Turner, Rodriguez and West","http://little.com/","Medical Secretary","blue","2020-12-18","rosendo.stracke@weimann.com","*v.MG,>J<3%SFdB"
"3e9f66a7-3f8e-3649-b375-83a177a6156b","Miss","Ashtyn","Kulas","60A Bernier Rest Apt. 869","mouth","Dapitan","Maine","Lithuania","176-167-560","055-891-882","Wuckert, Adams and Grady","http://lynch.info/ut-consequatur-est-est","Food Preparation","black","2021-05-28","jjohns@gmail.com","uD]""<F""|Nu08&I7"
"fb453dcc-6f70-3df5-9ad5-5a11527a7fc3","Dr.","Daron","Carter","64/17 Mitchell Center","port","Tagbilaran","Pennsylvania","Turkmenistan","418-592-618","203-322-165","Gottlieb-Barrows","https://labadie.com/magnam-libero-soluta-quisquam-fugit-veniam-voluptates-recusandae.html","Dietetic Technician","navy","2007-06-03","mayert.salvador@yahoo.com","E$Or|L,J}M"
"7c72536f-77d0-3a0a-a6fe-b47b3cace7f0","Mrs.","Noel","Sawayn","16A Jacobs Neck Suite 991","port","Samal","Missouri","Zambia","547-260-653","447-844-947","Schmitt, Marks and Price","http://www.block.com/iusto-et-sit-voluptas-voluptatem-unde-nihil","Trainer","white","1989-07-21","xheathcote@yahoo.com","VWO{\b_]D"
"12a37d90-01ac-39df-9c97-68ac39143a91","Prof.","Kennith","Bartell","49A Collier Trace","stad","San Fernando","Montana","Anguilla","399-155-150","954-722-708","Kiehn, Morissette and Grant","http://mohr.com/","Proofreaders and Copy Marker","maroon","2023-03-15","wilber.feil@gmail.com","Gd<{To4])pVxpy_^`"
"30412f52-9d92-33df-b50f-43a92c32d01e","Prof.","Serenity","Zemlak","87/61 O'Conner Shoals","borough","San Carlos","Alaska","San Marino","670-630-956","340-213-018","Tillman-Schneider","http://www.spencer.org/","Woodworker","white","1973-07-31","jvon@witting.com","1]aW\+T[Ni!$2Wbv]X"
"d924e80b-5baf-3433-8409-8350c48e2e80","Miss","Daniella","Stokes","98/59 DuBuque Center Apt. 182","mouth","Palayan","Montana","Aruba","159-917-105","824-320-698","Murray-Schneider","http://smith.info/est-ab-enim-veritatis-debitis-aut.html","Separating Machine Operators","yellow","1985-12-12","ybeatty@hotmail.com","nC^VRq<VqQp>@"
"abd89b8f-606d-38ad-b1e7-56e653e74830","Dr.","Schuyler","Marvin","45/83 Howe Dam","ton","Cabuyao","Idaho","Ukraine","009-968-832","917-108-427","Reinger and Sons","http://www.kris.com/","Vice President Of Human Resources","blue","1991-08-11","kshanahan@yahoo.com","ki5p'}"
"73c1d9b1-6ee5-3686-8696-3c86ffea4c02","Dr.","Kelly","Carter","08A Jakubowski Mills Apt. 929","mouth","Cabadbaran","Texas","Cayman Islands","425-127-406","287-236-698","Reynolds, Boyle and Wolff","https://kuhlman.com/eligendi-laudantium-natus-itaque-voluptatibus-quia-necessitatibus.html","Garment","olive","1992-03-23","retha.wilderman@hotmail.com","CJIAS1!6zXQj|""dp0"
"49d57952-767b-33c2-8c1e-e27818d00f00","Dr.","Daryl","Jenkins","56 Lesch Dam Apt. 448","fort","Cebu City","Florida","Guatemala","958-023-617","214-171-401","Hegmann-Bailey","http://reilly.org/quod-facilis-reiciendis-est-quidem-odit.html","Purchasing Agent","silver","1991-11-15","billie.deckow@gmail.com","Wi+!ZrGtYw"
"5eece1b3-e885-3ec4-9834-694968925714","Mr.","Elissa","Gerhold","22A/34 Medhurst Glens","port","Mandaue","Idaho","Papua New Guinea","462-275-358","459-706-795","Bogan-Strosin","http://www.gutkowski.com/voluptas-sed-beatae-ea-quae-omnis-occaecati-magni-dolor","MARCOM Director","teal","2016-11-03","natalia09@daniel.org","e252o-i{pkea""u!`"
"861f1b78-c1c8-3b75-a894-835b962dca23","Mrs.","Nannie","Sauer","89/17 Senger Fork","bury","Alaminos","Idaho","Isle of Man","207-059-019","078-426-072","Huel PLC","http://leuschke.biz/","Food Batchmaker","lime","2022-06-09","lela.jacobs@hotmail.com","Z^q!wy.I"
"b57642a1-2a69-3951-98a3-0c4e9bb96856","Mr.","Madisyn","Zboncak","99/36 Reichert Club Apt. 610","burgh","Cabanatuan","Rhode Island","Venezuela","945-300-108","669-023-287","Ratke-Feeney","http://www.gleichner.info/nemo-similique-magni-eligendi-in.html","Elementary School Teacher","lime","1995-05-24","qklein@hotmail.com","J^+Ety='Q11d0K{`He6"
"7e0dbcdc-0c5d-3fce-9755-3615aa869c06","Prof.","Benedict","Windler","31A/29 Kemmer Lodge","furt","Tandag","Oklahoma","Afghanistan","606-846-948","774-310-242","Greenfelder, Bosco and Lakin","https://www.miller.org/magnam-voluptates-est-quis-nam-placeat-in","Financial Analyst","black","2024-06-17","ludie01@vandervort.com","xtp"":^lB:mn*+iSyav"
"234e575f-0f9c-310d-9db6-e4484dda1623","Ms.","Monte","Goodwin","25/40 Doyle Wells","town","Tuguegarao","Nevada","Mozambique","263-261-509","245-359-802","Fisher, Harvey and Monahan","http://corwin.org/modi-veritatis-iste-fugit-dolores-aut-suscipit","Drilling and Boring Machine Tool Setter","silver","2023-01-15","conroy.kaylie@huels.com","UjOj\SLV.D$v"
"a80c23f8-1d7d-3abf-ace4-6677f3569f77","Prof.","Newton","Roob","42/55 Fadel Summit","side","Cadiz","Wisconsin","Anguilla","392-755-323","103-656-703","Mraz-Breitenberg","http://www.monahan.org/","Glazier","green","1985-02-02","else59@jerde.com","[""x[z_f8#"
"956e8999-f5db-3fbc-8623-57c451c75583","Ms.","Sigrid","Greenholt","78 Mitchell Alley Apt. 550","town","Cabanatuan","New Hampshire","Gabon","672-916-586","444-627-455","Ryan-Veum","http://medhurst.com/vitae-et-sit-non-libero-voluptatem","Food Servers","aqua","2016-06-07","owindler@nolan.com","XpC-I>"
"ac5e497e-8db9-3224-b4e5-e6ef9de15538","Dr.","Evans","Buckridge","70/64 Sipes Walk Suite 476","side","El Salvador","Vermont","Tuvalu","328-682-751","090-494-276","Shields, Dach and Waters","http://schaden.biz/fugiat-pariatur-officiis-in-consectetur-repellat.html","Retail Salesperson","purple","2005-11-05","tyree88@kohler.com","Q/""da~1"
"ab1b2e06-882b-3b4f-ac3f-ecd54aab394f","Dr.","Tavares","Goldner","92A/51 Effertz Village Apt. 135","ton","San Jose","Arkansas","Reunion","884-690-031","767-235-706","Bednar, Blanda and Zieme","https://howe.com/doloribus-necessitatibus-ipsum-at-sit.html","Parts Salesperson","maroon","1987-09-07","daniela17@hotmail.com","jr3Om/satIr"
"196cde81-ba04-3df7-b47b-4500daeee42c","Ms.","Audrey","Crona","47/44 Goldner Turnpike","mouth","Santiago","Tennessee","Madagascar","451-354-561","777-797-928","Rosenbaum-Miller","http://block.net/","Locker Room Attendant","black","1976-11-25","hyatt.bradford@gmail.com","SWw+(G-tLa7ZPp4"
"eb7f8d17-c634-37bf-8b36-ca10fe4de813","Mrs.","Madilyn","Lebsack","58 Johnson Park","chester","Naga","Nebraska","Marshall Islands","439-564-264","718-012-777","Witting PLC","http://klein.com/libero-possimus-est-omnis-corporis-quis-aliquid","Food Tobacco Roasting","lime","2002-07-27","cathrine32@bogisich.com","+%$j3!qemW"
"3d50a9df-130f-3d71-9da3-faf0d91bc056","Miss","Devan","Rippin","61A/96 Kemmer Streets","stad","Tandag","Hawaii","Wallis and Futuna","387-169-379","173-405-095","Fay-Kunde","http://schuster.com/illum-veritatis-eligendi-eum-ea-minus-occaecati","Merchandise Displayer OR Window Trimmer","silver","1973-11-27","kiera.friesen@walter.net","Nh`6%g%RVQ8xk}B7"
"44e7d807-8ee2-3e03-b88b-9f9a1268586c","Dr.","Lane","Thiel","10A/47 Bins Rest","berg","Ormoc","Tennessee","Sri Lanka","428-735-840","281-115-585","Johns Group","https://www.ledner.net/quia-et-fugiat-laborum","Production Worker","green","1973-08-14","jammie47@turner.net","uD]rh~M,6E-Q^"
"b1769230-23bd-3c5e-930e-21f2c4241d40","Ms.","Bettye","Mraz","49/88 Shanahan Mountains","ton","Batac","Oklahoma","Reunion","613-262-347","038-543-024","Mosciski PLC","http://www.collins.com/qui-est-sed-quod-velit-id-esse-blanditiis-molestiae","Kindergarten Teacher","green","2001-08-11","gabrielle.emmerich@hotmail.com","ta7<0&C|c:IsjDBf>v!"
"d761fb51-0c0b-336b-8335-ee18cc8cd169","Ms.","German","Balistreri","40A/41 Haley Spur","chester","Lapu-Lapu","North Carolina","Saint Helena","735-040-331","827-021-876","Friesen, Cartwright and Wolff","http://prohaska.info/","Electrical Power-Line Installer","olive","1996-12-18","shaniya.satterfield@yahoo.com","iz0?#/7/r"
"3f5d11fd-e8e9-328e-a87c-dff92117fcfc","Dr.","Isobel","McLaughlin","83A Quigley Harbors","fort","Gingoog","Maine","Afghanistan","875-758-011","124-982-616","Toy, Kiehn and Ryan","http://www.gerlach.net/dignissimos-fugiat-eaque-assumenda-accusamus-et-autem-et","Chemical Technician","green","2010-12-18","fbrown@reynolds.com","bd-=cAWR*)eqohRSfy"
"9e40f58d-a998-3e7d-ba27-7294c6440d7f","Dr.","Lenny","Kreiger","88A Bogisich Fork Suite 711","furt","Talisay","Iowa","Luxembourg","353-763-805","809-639-411","Rau LLC","http://www.douglas.net/dolor-facere-autem-enim-laboriosam-quod","Personal Care Worker","blue","2008-09-03","wilber.ziemann@donnelly.biz","BE{:aTHn;re~P<F?7"
"58be4f1c-121b-332a-9808-16ee549c27be","Mr.","Sandy","Dibbert","32A/23 Russel Inlet Apt. 296","side","Malaybalay","North Carolina","Greece","233-864-715","907-521-920","Shields-Waters","https://bauch.net/est-esse-sit-earum-architecto-error-qui-enim.html","Machine Tool Operator","maroon","1990-07-26","effertz.ford@zboncak.org","O\]O+gwv"
"7c890e6b-325e-3472-8edc-b8fdc50c07d8","Dr.","Jamey","Little","85 Kassulke Way Apt. 387","bury","Meycauayan","New Jersey","Guernsey","305-899-424","135-995-829","Von, Runte and Pagac","http://www.morissette.com/quia-tempore-qui-enim-sed-inventore-voluptatum","Paving Equipment Operator","navy","2022-10-27","sebastian.hermann@olson.com","&pQW)Ww"
"35459d19-b1ee-347b-acbb-a0e7b111fbe9","Prof.","Odessa","Davis","53A Schmeler Stravenue Suite 119","stad","Mabalacat","Pennsylvania","Singapore","708-266-897","527-035-807","Veum, Bartoletti and McDermott","http://koch.com/","Operating Engineer","blue","1977-07-12","tracey.gibson@wilderman.com","'FF@*4A#4&5-/"
"7536c522-f28b-3755-a517-8929f09ba43b","Dr.","Leta","Emard","79A Keeling Crossing Apt. 697","side","Tanjay","Louisiana","Reunion","326-968-605","766-197-314","Parker, Jacobson and Wisozk","http://hill.com/consequuntur-ipsam-ipsam-officia-totam-voluptatem-sapiente-rerum.html","Upholsterer","black","2004-06-09","tracey.ritchie@yahoo.com","!@uPI:{jRzSb7&K`W9E"
"c8511777-98f1-3dfa-b8f9-d0f456899750","Dr.","Deja","Baumbach","53/17 Metz Motorway Suite 180","town","Dumaguete","New York","Madagascar","563-548-593","673-942-931","Dickinson-Blick","http://www.bogan.com/","Artillery Officer","green","2007-03-08","kailee15@hotmail.com","?vuqr4e"
"2f0dfbf4-9fa4-3b07-8e56-93eb2479c273","Dr.","Adonis","Reilly","19A/66 Breitenberg Vista","mouth","San Carlos","Maryland","Libyan Arab Jamahiriya","035-833-027","251-816-375","Zulauf LLC","http://prosacco.com/non-et-dolores-pariatur-aspernatur-eius.html","Postal Service Mail Carrier","olive","2008-08-29","jamey86@gmail.com","Z216I3s-$GNDtzxqHs"
"f6fc0aff-1d08-3e7c-b141-07ca3e0e3856","Dr.","Tevin","Parisian","79A Purdy Inlet","view","Tagaytay","New Hampshire","Vanuatu","008-386-774","565-336-362","Kuhlman, Wuckert and Zemlak","http://schowalter.com/ducimus-hic-quas-molestiae-dignissimos-rerum-nihil-quidem-molestiae","Chemical Engineer","gray","2008-12-01","keagan.simonis@hotmail.com","8;pRv1]kF"
"ec8d3014-1c61-38b6-8c5a-66b13d6f4d11","Ms.","Onie","Koelpin","36 Kovacek Prairie Suite 093","view","Cavite City","North Dakota","Guinea","450-780-183","253-861-657","Christiansen-Smith","https://effertz.info/corrupti-et-voluptatum-et-molestiae.html","Insulation Worker","silver","2008-03-09","yessenia.armstrong@hotmail.com","<vACKm?tG"
"8775dc3c-63a0-3dac-94d8-82f5a0564668","Prof.","Fleta","Kertzmann","20A Reilly Drives","burgh","Kidapawan","Massachusetts","Comoros","322-525-773","615-241-979","Donnelly-Streich","http://www.legros.com/","Transportation and Material-Moving","olive","1995-12-04","rbaumbach@rath.com","[j\bt<{Lu/:CE1w"
"f180890d-1e47-356d-9da8-b81dfeed2582","Dr.","Helena","Deckow","53A Prosacco Forges","side","San Carlos","Washington","Kenya","537-830-023","314-227-551","Becker-Okuneva","http://www.dickinson.com/occaecati-rerum-qui-voluptate-tempore-velit-est-adipisci-quia","Air Crew Officer","yellow","1987-07-02","emelia.schaden@hotmail.com","ws5o:P]eZw~"
"0e968e12-9c3c-39e2-a7af-84e44f106b54","Dr.","Stephania","Metz","76A/46 Yundt Road Apt. 125","haven","Dagupan","Missouri","Papua New Guinea","283-951-602","576-070-902","VonRueden Inc","http://www.douglas.com/","Clerk","black","1987-05-24","arnold.tremblay@auer.com","cDX@jX})|1E"
"60d7bf27-6d17-38cb-8ff3-9d5ada9c201c","Dr.","Coy","Kuhlman","77A Bailey Springs Apt. 891","port","Batangas City","Oregon","China","314-783-493","452-957-059","Mertz-Swift","http://gerhold.com/enim-id-aliquid-sunt-est-nulla-quia-vel-quia","Gas Distribution Plant Operator","fuchsia","2018-02-06","ardith.eichmann@hotmail.com","@@`g[VO)|"
"15a8255c-cc46-3340-ae1a-3717d4deee0b","Mr.","Kameron","Ebert","47A/78 Donnelly Stream Apt. 391","borough","Lucena","West Virginia","Indonesia","696-603-509","236-889-617","Orn, Roberts and Dickinson","http://wyman.net/temporibus-doloribus-fuga-facere-est.html","Coaches and Scout","navy","1992-11-11","renner.sheila@powlowski.com","a2,\ZfxI!a<);Eu-"
"50bfcb10-ceac-31a4-8111-5d48a06d61cd","Ms.","Willow","Runte","28 Satterfield Fort Suite 188","chester","Cebu City","District of Columbia","Panama","580-874-134","605-441-769","Cremin-Kessler","http://www.shields.com/","Etcher","lime","1976-03-12","elijah.kihn@hotmail.com","8bbQL<h&^0DHj/Ugt""z"
"dca9aa99-29eb-3b64-9081-d8cb5e04c0ff","Prof.","Adrain","Lang","89/80 Carter Island Suite 673","port","Dumaguete","Kentucky","Equatorial Guinea","504-836-177","183-129-158","Donnelly-Veum","http://schmeler.com/quam-laboriosam-id-laborum-eligendi-ut-hic.html","Database Administrator","aqua","2018-05-20","elyse84@gmail.com","@3#/6Y=Pi].Oj^%lP("
"55598819-a79b-3276-b932-fc7693905b2f","Dr.","Justine","Turcotte","57 Labadie Ranch","fort","Iloilo City","Tennessee","United Arab Emirates","640-959-298","123-630-937","Kiehn-Harvey","https://www.schaefer.com/fuga-sit-repellat-qui-accusantium-pariatur","Taper","olive","1986-01-03","matt53@yahoo.com","h9.na;('34PA~AZtj9t"
"7d70cdee-4ebb-3ca2-8311-8d76daabd368","Prof.","Jamey","Herman","26/73 Shields Skyway","berg","Cagayan de Oro","Maine","Mauritius","167-105-565","109-836-252","Leuschke, Koss and Cassin","https://feest.com/atque-blanditiis-iusto-qui-et-totam-dolores-ut.html","Engraver","navy","1986-02-16","jrogahn@hotmail.com",";_&\gW(4h,>v="
"e9250764-ffc9-3f7c-8e69-6a69fb14cc1d","Mr.","Isaiah","Rutherford","65/60 Herzog Walks","furt","San Jose","Georgia","Turks and Caicos Islands","909-898-786","278-771-648","Lubowitz Ltd","http://www.grady.com/porro-laborum-sunt-illum-praesentium-et-ad-optio.html","Set and Exhibit Designer","silver","1975-06-26","davis.orrin@ritchie.info","^q$""9h@d03|$"
"63478e92-3538-3c21-bd32-d6574dfa4ed0","Dr.","Leora","Zemlak","44A Wolff Forge Apt. 589","land","Bacoor","South Carolina","Andorra","502-753-126","092-161-897","Rempel-Aufderhar","http://schaefer.com/nulla-illum-aperiam-qui","Brazer","fuchsia","1994-07-10","hessel.loraine@kemmer.net",".-wj0BeO-KCN-]"
"f6add50e-893d-3d83-9cb5-f42968bef5d2","Prof.","Karine","Reilly","94/10 Shields River","port","Cagayan de Oro","West Virginia","Antarctica (the territory South of 60 deg S)","842-464-687","765-105-996","Rogahn Group","http://www.langosh.com/nostrum-dolore-vitae-ab-consequatur-mollitia.html","Driver-Sales Worker","silver","2008-05-23","bwehner@hyatt.com","b=%UPE282PaCHON`[OVg"
"fc37dc80-3dbf-3da6-a59f-bd961dca7bd6","Miss","Jayme","Schmeler","30/19 Bechtelar Trail","port","Tagum","North Dakota","Swaziland","547-526-778","242-842-440","Schaden PLC","http://heathcote.com/doloremque-dolorem-mollitia-occaecati-ea-ex-rerum-ratione","Soil Scientist OR Plant Scientist","olive","1995-07-09","moises93@yahoo.com",".[B$v9KoVMb;eGyh*"
"a7df4283-ef91-35d1-9e75-87f66c2cfecc","Mr.","Reynold","Kling","55 Jaskolski Stravenue Suite 874","chester","Surigao City","Nebraska","Eritrea","472-481-678","461-578-825","Dickens PLC","http://www.stamm.biz/ad-dolorum-sapiente-inventore-quasi-qui-qui","Recreation Worker","yellow","2020-09-16","scotty62@powlowski.com","&Z_S8[a;{{%IpJ~47"
"4b4cba17-515c-3730-84d1-669da4899750","Miss","Taya","McCullough","19A Grant Mills Suite 839","haven","Ozamiz","Oregon","Myanmar","248-491-250","185-108-538","Kreiger, Buckridge and Kunde","http://www.abshire.com/non-ad-alias-deleniti-velit-ea-cumque-dicta","Public Transportation Inspector","blue","1999-07-09","kayley.reichel@windler.com","oF&XmZ.:Lt(sQO"
"af4f3eeb-f87d-3ded-b1fd-77fe50a17fd7","Mr.","Ressie","Kunze","26A Bahringer Plain Suite 790","town","Tanjay","New Mexico","Saint Lucia","616-022-171","110-749-590","Glover PLC","https://www.lakin.com/dignissimos-aut-commodi-animi-id","Cultural Studies Teacher","purple","1989-08-22","nkoepp@schinner.org","D2[d;4PP,Cf"
"479e53a1-3753-3c1e-9ff5-7095c9b5333b","Mr.","Abbigail","Conroy","16/60 O'Hara Hollow","mouth","Manila","Colorado","Grenada","183-317-805","365-864-720","Klein-Maggio","http://www.barton.com/aut-reiciendis-maiores-ut-expedita-tempore-dolor","Military Officer","navy","1993-06-12","ebernier@hotmail.com","zR^gk_R4XY1"
"9e9c4ed0-d303-3ce9-b2ec-3f87929fd5f1","Dr.","Fred","Morar","54 McLaughlin Village Apt. 559","port","General Santos","Colorado","Czech Republic","222-584-271","670-539-108","West LLC","http://www.brown.com/","Military Officer","blue","1990-12-15","adrienne47@hotmail.com","Q@08[%sz"
"441dd10c-dda9-36d5-a55c-0611a915dae8","Mr.","Elody","Mosciski","15/69 Harvey Meadow","bury","Antipolo","Mississippi","Saint Kitts and Nevis","426-070-500","734-670-913","Botsford-Carter","https://schowalter.org/blanditiis-optio-sit-sunt-architecto.html","Electrolytic Plating Machine Operator","gray","1970-12-15","torp.steve@hotmail.com","M?*vR(q`);.dgQ/E#j"
"302e7249-9d03-308a-829c-da9ca78b38a2","Prof.","Kip","Bernhard","41A/51 Weber Springs Suite 902","berg","Talisay","Louisiana","Montserrat","193-156-395","730-486-278","Lynch LLC","http://www.torphy.biz/error-expedita-veritatis-velit-molestiae-aut-dolorem-enim.html","Production Planner","green","1986-05-07","joan09@hotmail.com","c=N>3E!sRJ,"
"4e751a2d-0c32-36c2-a0e0-14c4582087bb","Mr.","Scotty","Padberg","17A/42 Beier Vista Apt. 362","port","General Santos","Georgia","Belize","074-742-851","266-180-962","Strosin-Quigley","https://dubuque.com/beatae-sunt-praesentium-voluptatem-natus.html","Fabric Mender","maroon","1975-04-18","xkertzmann@zboncak.biz","CLiVi*Autc"
"6abdfe4e-192d-3cd3-aa45-59b85b3c1799","Prof.","Ceasar","Reynolds","38A Macejkovic Plain Suite 706","shire","Olongapo","Washington","Pitcairn Islands","088-752-451","814-254-971","Thiel-Langosh","https://www.bartoletti.biz/dolorem-expedita-nihil-et-aut-id-non-praesentium","Medical Assistant","silver","2023-07-13","wisozk.marge@rempel.com","izejy+=;-D5X"
"d60d3dd1-dc39-3f16-9731-5b3b1e74bdfd","Prof.","Camden","Thompson","83A Simonis Cliffs","stad","Cauayan","Indiana","Benin","630-077-487","596-405-286","Howell, Wilderman and Stoltenberg","http://zemlak.info/rerum-reprehenderit-inventore-excepturi-aut-reprehenderit-perferendis-temporibus-illum.html","System Administrator","black","1975-10-08","leif33@yahoo.com","v4M%^p/"
"fb2c80c6-37de-375b-a839-8ff4e05dfee7","Mrs.","Breanne","King","96 Gerlach Harbor","shire","Sorsogon City","Delaware","Jamaica","446-906-299","471-556-003","Jacobson-Hammes","http://www.gorczany.org/aperiam-delectus-sit-iste-veniam-aliquam","Heavy Equipment Mechanic","black","2006-12-19","mdouglas@macejkovic.org","RAn\;Xxm}"
"2ac69d13-f983-3497-8329-c190523a3e39","Prof.","Norris","Beahan","25 Gusikowski Divide Apt. 869","haven","Danao","Iowa","Palau","399-695-971","778-051-994","Torp Ltd","http://www.dickinson.com/consectetur-qui-qui-impedit-non","Stock Clerk","silver","1974-09-21","hillary17@gmail.com","$#@0j;.~i9,5T$a"
"8a5f52ea-5fe5-3362-bb2c-cc22c37aac3c","Mr.","Brielle","Lesch","13/25 Parker Lock Apt. 162","chester","Pasay","Connecticut","Iceland","564-641-623","974-122-286","Cremin PLC","http://www.nienow.biz/dolorem-at-aut-exercitationem-beatae-consequatur","Dredge Operator","green","1983-02-03","gabriella98@kulas.com","?]dG#6Ei/4XD)NgCY+iB"
"d493959d-d0b0-3430-ad2e-89a77f9721e9","Dr.","Hortense","Schmitt","64A/88 Kemmer Cove","berg","Cabuyao","South Dakota","Mayotte","320-444-951","355-900-597","Wilkinson, Bins and Rutherford","http://mueller.org/dicta-est-vitae-quo-dolorem.html","Patrol Officer","black","2004-11-02","aurelio99@ledner.com","XuZ'Sey"
"3f17c647-13bb-356a-8186-fc3a1a98993d","Prof.","Mavis","Heller","77A/96 Cremin Crossroad Apt. 405","land","Quezon City","New Hampshire","South Africa","816-381-200","357-704-154","Bogisich, Towne and Gottlieb","http://www.ernser.com/","Jewelry Model OR Mold Makers","aqua","1988-08-12","vallie.johnston@gmail.com","""h#;[)(!+<l8["
"e32894f6-e3a3-3739-bc35-05815b570aa6","Dr.","Coty","Hayes","53/89 Vandervort Roads","borough","San Carlos","Maine","Netherlands","120-725-936","728-084-704","Doyle-Gislason","http://schultz.com/a-laborum-et-aut-numquam","Biological Scientist","olive","2000-10-05","jwhite@casper.net","bmPKq2QahJ[.[X"
"5ad9e431-fb22-3578-af99-aebb34fffae8","Prof.","Delpha","Fadel","15/77 Sipes Circles","burgh","Antipolo","District of Columbia","American Samoa","060-258-354","252-425-057","Gerlach Ltd","http://kunze.biz/libero-sit-enim-mollitia-consequatur-fuga-quos","Fence Erector","maroon","1996-08-30","theodore.ebert@gmail.com","<#2v`IE"
"3b3bd351-b66d-3468-82cc-9c2210ccdbac","Mr.","Jose","Hermiston","30A/79 Hilpert Island Apt. 614","stad","Butuan","Michigan","Switzerland","395-558-361","090-324-603","Lubowitz-Wilkinson","https://kling.org/dolorum-voluptatibus-debitis-rerum-modi-possimus.html","Production Inspector","white","1971-09-13","tre35@yahoo.com","sE-Eh9tjp{{s"
"0a215a13-6fab-367b-a4f7-eb4bfdd69a0b","Prof.","Daphney","Romaguera","09A/92 Spencer Plains Suite 527","haven","Silay","Arkansas","Nicaragua","943-840-842","787-533-770","Runolfsdottir PLC","http://paucek.com/molestiae-quibusdam-laborum-quia-ipsum.html","Locker Room Attendant","purple","2006-02-13","dmertz@christiansen.info","/oAo=nYb03l.]"
"b8a728b0-7b6f-314a-a377-ef85490fcc3f","Prof.","Stacy","Padberg","11/19 Gulgowski Heights","berg","Davao City","North Dakota","Belize","520-028-754","667-052-546","Hodkiewicz, Rempel and Lowe","http://schultz.com/","Coating Machine Operator","white","1988-08-24","orogahn@wisoky.org","]6B9{ge,"
"ac0979af-2f1c-30d9-bec2-174164a891f0","Prof.","Dion","Keebler","57A Friesen Road Suite 944","fort","Bacolod","Idaho","Gibraltar","833-730-329","538-225-598","Johnston-Schaden","http://www.kuhn.com/","Aviation Inspector","maroon","1994-11-09","esteban82@breitenberg.org","c8[Yn'OSMzL"
"629cd032-2e19-318d-8d1d-6db94a11c89f","Dr.","Layne","Bauch","94A/21 Fahey Vista","bury","Valencia","South Dakota","Lithuania","832-786-206","252-332-101","Green Ltd","http://www.rogahn.org/et-possimus-deleniti-consequuntur-accusamus-alias-non.html","Staff Psychologist","fuchsia","2008-10-23","clemmie.lubowitz@yahoo.com","cdB>KA7r=xMcv%R~+"
"cc112eef-34aa-3b20-a51a-7a7a09cdfef1","Prof.","Gertrude","Hyatt","20/60 Yost Junctions","land","Laoag","Vermont","Christmas Island","034-599-413","043-706-066","Gulgowski-Becker","http://ebert.biz/et-delectus-et-dicta-cumque.html","Office and Administrative Support Worker","fuchsia","2016-06-01","schulist.josie@yahoo.com","i\%n8r"
"e803a06b-d3f2-37b6-b937-4d9a1763e717","Miss","Estel","Keeling","29A/86 Hartmann Dam Suite 595","land","Taguig","Minnesota","Uruguay","878-363-159","001-047-544","Hahn, Hane and Cremin","http://schulist.com/vel-iste-fugiat-ea-autem-sed-autem-aut.html","Environmental Engineering Technician","lime","1997-05-25","rohan.richard@yahoo.com","?_(15i8QH"
"1c55a911-5086-316e-aee2-381c2b30c703","Mr.","Allie","Jerde","04A Bernhard Passage Apt. 204","chester","Surigao City","Nebraska","Cyprus","598-870-064","226-407-594","Weber-Graham","https://mclaughlin.info/consequatur-repudiandae-est-illum.html","Respiratory Therapist","gray","2023-03-02","jana53@yahoo.com","]Cp2+$%lB"
"d96890d0-1ad7-3bb7-b513-c53cc8d76d44","Ms.","Jordon","Keeling","20 Heidenreich Springs Apt. 212","chester","Cavite City","New Jersey","Armenia","458-060-899","043-591-271","Adams-Swaniawski","http://streich.com/et-commodi-est-et-deserunt-praesentium-laborum-est-officiis","Maintenance Equipment Operator","lime","2015-07-22","eva.eichmann@prosacco.org","{}Mx\XZHyfn{e"
"a47f99cd-7f7b-35b5-bf2c-8dd24c72b8fc","Ms.","Earlene","Reichel","34 Walter Ports","side","Palayan","Mississippi","Belarus","718-281-094","310-644-109","Medhurst Inc","https://hauck.com/unde-odio-illum-velit-quisquam-error-voluptas-enim-ipsa.html","Data Entry Operator","silver","2012-12-29","rodolfo.hand@mante.net","T5:)?]MY"
"c4e19276-5e51-346f-9629-7190da332585","Dr.","Verlie","Heathcote","53/84 Morar Valley Apt. 881","shire","Roxas","Alaska","Pitcairn Islands","761-820-244","494-042-810","Mueller-Kozey","http://www.farrell.net/nemo-exercitationem-aperiam-pariatur-officiis-illum-nemo","Air Crew Officer","blue","1976-04-06","ross09@yahoo.com","ooBk^I6Vh:c*?f"
"5c505ac3-f545-320c-b6c6-3647fde6d92f","Mr.","Emilie","Stroman","03A Gerhold Row","ville","Tarlac City","Kentucky","Poland","102-717-405","108-006-869","Rodriguez, Maggio and Corkery","https://www.hilpert.com/quibusdam-earum-architecto-molestiae","Clinical Psychologist","olive","1995-05-27","victor42@lowe.com","r#JV6D<R~}z{#{1},).3"
"775c3dba-2c83-3908-bdfa-5e607fc9259f","Prof.","Jakayla","Daniel","19A Lynch Bridge Apt. 372","port","Alaminos","Iowa","Bolivia","882-017-298","283-961-622","Bayer and Sons","http://www.moen.info/harum-et-corrupti-quo-sunt-necessitatibus-provident-eligendi-voluptas.html","Computer Scientist","fuchsia","2006-03-24","kari21@jerde.com","&+*'jY[6BEYq"
"e8c5aefa-bb39-3c21-98c7-d62673cb154b","Prof.","Luis","Labadie","22A Boehm Grove Apt. 952","bury","Biñan","Oklahoma","Korea","962-296-920","588-751-703","Cassin-Quigley","https://harber.com/quibusdam-fuga-atque-vel-eius-dolorem-in.html","Interpreter OR Translator","black","2010-03-05","aiyana.wehner@hotmail.com","qmc""3CGt@4"
"c3895d12-41dd-318e-8df1-3b2d447d0004","Prof.","Broderick","Skiles","53 Mayert Extension Suite 776","mouth","Laoag","Arizona","Egypt","845-212-850","089-894-429","Haley Inc","https://rohan.info/aut-voluptatem-consequatur-odit-est-omnis-quia-voluptate.html","Private Sector Executive","maroon","1977-10-17","yyost@hotmail.com","];""MW8r=F(^%=]JF"
"e3d910f4-fef9-3515-8618-a1b8d46679ff","Miss","Cooper","Ferry","38A Haag Falls","town","Victorias","Maryland","Jersey","553-292-652","196-628-995","Sanford, Doyle and Jerde","https://www.metz.com/quo-est-repellat-et-nam-in-consequatur-natus","Outdoor Power Equipment Mechanic","green","1977-07-24","norbert18@yahoo.com","*?13z'<""g}iB8"
"c0030c5d-9dad-3d76-83e8-4c46724682ec","Mrs.","Darlene","Braun","53 Satterfield Creek","bury","Borongan","West Virginia","Mongolia","264-330-733","506-687-564","Thompson, Reilly and Schneider","http://www.mckenzie.com/eum-odit-eos-et-similique-magnam-est-nisi","Budget Analyst","green","1996-07-10","herta.wunsch@gmail.com","[Bw(}`?2"
"9bb9958d-63bc-3d6b-88e6-410f16064a85","Dr.","Daniella","Rosenbaum","43A/21 Hoeger View Suite 424","view","Pasig","Wisconsin","Angola","973-628-249","394-159-820","Stamm-Kunde","http://schinner.info/","Electrical and Electronics Drafter","olive","1989-08-06","emile.upton@hotmail.com","Eja)KMR'm1.rtO<XTS"
"2a1c1dd0-aabc-39c7-8037-b25ae760bf25","Dr.","Gabrielle","Hackett","72 Kuhlman Ports","view","Pasig","Pennsylvania","Ecuador","239-647-192","926-064-373","Hamill, Kassulke and Abernathy","http://gleason.org/fugiat-numquam-sint-eum-molestiae","Pediatricians","blue","1990-12-02","pablo44@reilly.com","l$)R3mg!/l8`SNHK<NTV"
"f3ff4c58-4528-355c-b5f0-d619867b0da4","Ms.","Cassandre","Stracke","48A Rogahn Trail Suite 761","ville","Cabuyao","Georgia","Uzbekistan","071-373-614","620-455-890","Gorczany-Crona","http://leannon.com/est-aut-accusantium-culpa-illo-sit-voluptatem","Atmospheric and Space Scientist","lime","2023-08-12","tre.hills@yahoo.com","r[Pn.S^Bn7""#lB,E"
"384b1ac0-532a-35aa-99ea-313c717093f3","Ms.","Marjory","Dicki","23A/35 Mayer Extensions","land","Trece Martires","Alabama","Albania","151-047-207","535-544-748","Homenick and Sons","https://www.torphy.biz/ut-ratione-omnis-est-unde-impedit-voluptatibus","Lay-Out Worker","fuchsia","2018-06-15","stiedemann.marguerite@kling.com","LLZ1*VhQFtx&"
"19b03d15-39d4-3bd8-8350-1a62a939cadf","Dr.","Jasper","O'Hara","67 Flatley Squares Apt. 887","borough","Cabadbaran","Wyoming","Gibraltar","309-275-318","869-138-211","Harris-Lang","http://www.littel.net/aliquid-veniam-at-quae-aut-laboriosam.html","Storage Manager OR Distribution Manager","blue","2001-07-21","mrobel@yahoo.com","Fx?j5I501;U$Fm"
"ad063df3-4901-3e0e-ad0a-96c6803bdf63","Mrs.","Robert","Boehm","57A Aufderhar Plain","ton","Ozamiz","Vermont","Ecuador","492-279-439","197-211-022","Satterfield, Eichmann and Bechtelar","http://green.com/laborum-accusantium-quaerat-inventore-facilis-omnis-minima-asperiores.html","Library Worker","gray","2010-03-27","kshlerin.jennifer@williamson.biz","seigN>"
"68211c1b-930d-3f5a-a8f7-d2c30d1d57e8","Mr.","Gaston","Runolfsson","49A Adams Camp Apt. 143","bury","Baybay","Texas","Philippines","580-225-926","764-401-180","Simonis Group","http://www.bartell.info/","Preschool Education Administrators","maroon","1991-03-27","adouglas@yahoo.com","@b}HyTd+0|$Nh+TMuX"
"729fdad6-e27b-37fd-bfec-becaf927a74f","Mr.","Jaqueline","Buckridge","39A/82 Ritchie Plaza Apt. 124","port","San Carlos","Ohio","Portugal","201-242-310","356-574-378","Murray, Jakubowski and Spencer","http://okon.info/qui-tempore-fugit-laboriosam","Pantograph Engraver","blue","2020-06-24","payton96@hotmail.com","41S@yXh^tP,/g9i"
"3c4449e0-cb63-329b-a139-666f471db16f","Dr.","Sister","Halvorson","10A Bosco Estates Suite 757","burgh","Biñan","Hawaii","Austria","816-627-410","301-237-834","Bosco, Rosenbaum and Kshlerin","http://bosco.com/molestiae-recusandae-aperiam-natus-voluptatum-saepe-expedita-ut","Logging Supervisor","aqua","1971-05-26","mohammad.wuckert@yahoo.com","R,PluSk`$"
"418d87cf-b780-332a-80e1-fc23f68c8c78","Dr.","Kacie","O'Kon","50 D'Amore Cove Suite 045","view","Passi","Indiana","China","162-724-514","059-452-745","Gislason, Toy and Bode","https://www.miller.com/dolorem-pariatur-at-quibusdam-eius-alias-labore-quidem","Recyclable Material Collector","teal","2017-08-13","laury.wuckert@deckow.com","d.S9}@|4SgL+r+2XE"
"acf86938-c73b-3984-a846-b72309aeae79","Prof.","Jeramie","Kemmer","63A Luettgen Fields Apt. 947","ton","Tanauan","Wyoming","Cook Islands","359-312-517","141-957-689","Kilback, Runte and Leuschke","http://kerluke.net/suscipit-rem-dicta-molestiae-quisquam-magnam-est-et-voluptas.html","Floor Finisher","blue","2003-05-29","claud.hand@senger.com","nR'#hQ`~MC""]Rz3X}!$h"
"f7a14c8f-9261-3648-8c9a-e6040e4436c0","Prof.","Deangelo","Grady","00A Effertz Walks","fort","Bislig","Delaware","Lebanon","851-580-698","630-262-845","Kirlin Group","http://champlin.com/","Poultry Cutter","maroon","1987-07-11","nathen.morar@brown.com","B%\*T2Dyv"
"d016b757-b73f-3a7f-a668-a1a3e67a7448","Dr.","Tina","Monahan","68 Padberg View","land","Mandaluyong","Connecticut","Indonesia","802-783-516","135-673-600","Berge-Hegmann","http://www.hermiston.com/animi-qui-explicabo-ex-voluptatum-qui","Lifeguard","lime","2023-11-10","princess.cartwright@bartell.biz","2/TTcfGP*(j~h"
"fac3c90c-98d8-351c-929f-e5d99bf22926","Mrs.","Colin","Streich","56A Welch Center","side","Tandag","Nevada","Netherlands","261-100-797","403-947-883","Lebsack LLC","http://www.larkin.net/numquam-velit-totam-eum-cumque-autem-rerum.html","Brake Machine Setter","purple","1974-04-22","mborer@prosacco.info","P""PyRY;W0YWk"
"c3524c52-2c76-3692-bfcb-af8fa320dcc2","Mr.","Gustave","Koepp","74A/62 Lehner Squares","mouth","Tabaco","Pennsylvania","Nigeria","408-169-946","680-173-507","DuBuque, Wuckert and Monahan","http://pfeffer.com/et-id-aut-aperiam-laudantium","Product Management Leader","white","2014-08-10","hane.gavin@konopelski.biz","G:w71</[=@q(@Zg/7vYf"
"71adb242-5c5f-3ae9-9b9f-aa0635e490d8","Prof.","Libby","Thiel","42A Lind Branch","bury","Malabon","Alabama","Suriname","954-367-251","320-985-863","Pfannerstill, Kuvalis and Leannon","http://www.deckow.com/ut-aspernatur-quisquam-impedit-magnam-perferendis-debitis-repudiandae","Soldering Machine Setter","purple","1972-06-16","omitchell@gmail.com","fZAL`W!$;4YUg-<"
"d2cf6460-23cd-3c13-a643-7d645f23d63d","Mrs.","Schuyler","Senger","79A/41 Jast Skyway Suite 273","side","Calamba","Washington","Sweden","038-079-710","531-597-140","Schiller-Kuphal","http://www.runte.com/dolores-ipsa-voluptate-nihil-culpa-et","Dishwasher","lime","2024-02-25","jdenesik@yahoo.com","cH~(n'HT<v"
"7a93449c-c758-397e-bab9-bf4baf50c443","Prof.","Fern","Greenfelder","48/17 Sporer Valley Apt. 880","land","Tagbilaran","New Hampshire","Armenia","567-869-270","745-836-744","Legros, Nienow and Kiehn","http://crona.com/sint-iusto-exercitationem-ut-ad-mollitia-neque-quibusdam","Nuclear Equipment Operation Technician","black","2014-04-13","slangworth@will.biz","G6_9)j=#6-gJ"
"1566c037-76ad-3be5-8eae-5638c259bae9","Prof.","Imani","Carter","22A/67 Larkin Mount","fort","La Carlota","Kansas","Cameroon","449-801-860","574-899-573","Mayer PLC","http://www.pouros.com/dolorum-est-cum-at-libero-dolore-explicabo","Paperhanger","gray","1999-03-22","pgutmann@kilback.com","Kk!QkOtVq:2uK"
"681e2819-bbcb-31ed-82b3-d6d481094aad","Dr.","Jada","Willms","67/16 Pollich Wall Apt. 771","stad","Butuan","South Carolina","Spain","583-946-044","552-880-979","Crooks Group","http://crist.org/enim-qui-qui-dolores-quis-optio-et","Criminal Investigator","lime","2017-08-17","rratke@gmail.com","TR$jvP&1cHLWvllh1;uy"
"09bf2a36-3fae-3bb8-8987-70f808a70a69","Ms.","Luther","Boyle","48A Yundt Pines Apt. 795","port","Himamaylan","North Dakota","Montserrat","226-019-914","984-906-355","Jenkins-Jacobi","http://www.corkery.com/eos-ullam-vero-nam-nostrum-molestias","Interpreter OR Translator","maroon","2004-11-27","eldon72@murphy.biz","oq}KtFtSSrXC;"
"2ce3a2ea-d1b5-3e5a-9b71-8f218649897b","Mr.","Terrill","Davis","59/10 Schiller Union Apt. 656","bury","Bayawan","South Carolina","Turkey","811-415-623","675-562-097","Nader and Sons","http://www.mueller.com/","Transportation Attendant","aqua","1991-10-11","blaise.thompson@flatley.com","{&YnKr%yv{t`"
"79900e5d-1728-3a3d-8235-0cffce1bef4f","Mr.","Destiney","Littel","08A/03 Becker Points Apt. 582","furt","Sorsogon City","Indiana","Heard Island and McDonald Islands","594-177-033","770-714-014","Carroll-Leuschke","http://www.lubowitz.com/voluptas-molestias-eius-similique-nihil","Technical Program Manager","lime","1981-07-19","pfannerstill.archibald@yahoo.com","jjpsIEtU_m{s+!|F1P~"
"a918d6cc-24de-3010-b3f7-8c6c6a208f99","Ms.","Jacey","Marquardt","94/85 Bernhard Circle","mouth","Cabadbaran","Utah","Brazil","911-382-065","573-227-367","Wisoky, Schmitt and Hodkiewicz","http://dietrich.com/voluptatem-rerum-voluptatibus-debitis-illo-necessitatibus","Rigger","lime","1995-07-02","jerrold78@yahoo.com","Pn]f&HF,6O,PJ@b7e*"
"f224b8b3-b1fd-3aea-9409-edde0d247267","Ms.","Colt","Raynor","58A/16 Leuschke Ford Apt. 494","view","Antipolo","Louisiana","Holy See (Vatican City State)","756-902-333","426-857-673","Hartmann Ltd","http://connelly.net/eligendi-quo-sunt-velit-quis-cupiditate","Locker Room Attendant","teal","1992-02-01","baron.hermiston@rippin.org","2VrX7*Eo}-^@+!SkEY#v"
"b990ac11-02df-38a7-bc48-4787955128cc","Prof.","Darion","Kutch","75/72 O'Kon Pike","bury","Samal","Indiana","Benin","383-143-191","672-346-838","Ferry, Casper and Hermann","http://kessler.com/dolore-quas-sed-voluptates-et-nihil","Sewing Machine Operator","silver","1985-08-03","leffler.flavie@kautzer.net","'{LdI=yYP~x>n}3Zb^>e"
"49a1e770-0584-3a74-924e-745bfa3fdb71","Dr.","Clarissa","Cruickshank","87A Koss Keys Apt. 452","mouth","Vigan","Missouri","Madagascar","349-926-540","565-575-996","Douglas Inc","http://www.denesik.com/","Hydrologist","black","2009-05-28","kbauch@hotmail.com","`k3z)Tb]Dy"
"56ff724c-a2aa-32ed-b4c7-e8703f8e5cc6","Prof.","Gunner","Barton","87/14 Goodwin Grove Apt. 369","town","Sorsogon City","Massachusetts","Afghanistan","986-553-321","820-494-868","Erdman-Shields","http://bartell.com/ipsum-eum-eius-officia-quis.html","Proofreaders and Copy Marker","navy","1977-06-20","oblock@torphy.info","^l8MNbHV("
"1640bb79-8c18-3524-b157-e21407f0242c","Dr.","Mylene","Tromp","25/85 Nicolas Fields","ville","Dasmariñas","Washington","Dominican Republic","623-929-482","761-018-387","Schoen, Kuhlman and Blanda","http://treutel.org/qui-qui-et-repellat-rerum","Career Counselor","blue","1992-07-01","bledner@gusikowski.org","7(d.{IGr]6:_:?_3Q'Y"
"42712e80-9f2b-3c06-9b24-e9acf640d125","Ms.","Kenneth","King","25/45 Koss Ramp","mouth","Koronadal","West Virginia","Djibouti","083-093-963","075-421-147","Lang Ltd","http://weimann.com/nisi-saepe-natus-et-doloribus-consequatur-animi-ad","Security Guard","blue","1978-11-09","sophie17@lind.com","5Yh{yvO%&\rOzRa?`"
"69d10983-b86c-3a87-bfaa-fb25739017be","Prof.","Jody","Price","29 Friesen Inlet Suite 933","haven","Dumaguete","Alabama","Denmark","204-570-804","639-164-259","Keebler-Feest","https://kemmer.com/sit-sint-maxime-minus-hic-minus-excepturi.html","Packaging Machine Operator","white","2014-10-07","edmond00@yahoo.com","*n/kpo/Y"
"5da370a8-44e7-3735-863e-ea07530a0399","Dr.","Jayce","Abernathy","61 Auer Streets","port","Calamba","California","Dominica","282-960-609","710-859-601","Anderson-Strosin","http://auer.com/","Computer","green","1994-11-08","fabiola.windler@gmail.com","""hYg!S"
"63b1951f-9c00-366d-a0b2-f662a3462f5d","Mrs.","Heber","Beer","04A Hyatt Ways","mouth","Balanga","Arizona","Bosnia and Herzegovina","299-181-985","331-873-987","Schneider-Bauch","http://schulist.org/","Insurance Investigator","green","2019-09-07","kunde.jocelyn@halvorson.com","5z_OJITT(-"
"077052dd-bdd3-3e56-aaf7-cc78446ad1ce","Dr.","Madisyn","Altenwerth","15/41 Waelchi Viaduct","ton","San Carlos","Wisconsin","Zimbabwe","020-587-963","917-958-959","Koelpin-Kuhlman","http://www.kautzer.org/","Administrative Support Supervisors","white","2012-07-02","aleannon@gmail.com","~A)$L]$Q"
"2dc73bbe-c959-3586-b12d-afa4c9e0d655","Miss","Leopoldo","Roob","36A Fisher Oval","mouth","Cagayan de Oro","Tennessee","Georgia","894-547-953","095-674-228","Crist and Sons","http://lind.com/mollitia-ut-perspiciatis-tenetur-voluptas-delectus.html","Archivist","teal","1997-07-02","goyette.justina@metz.com","vz/H4kv"
"22d560b7-2ac6-375b-ac70-d2c880e6d91d","Ms.","Pablo","Effertz","14 Grady Spring Apt. 615","ville","Bogo","Texas","Belgium","489-405-030","291-023-611","Miller, Jacobi and Johnston","https://streich.com/voluptatem-et-rerum-ut-nihil-nisi-quis.html","Reporters OR Correspondent","blue","1988-04-28","everette.strosin@shanahan.com",">tgye~8DN4\,Ut"
"c21a6c28-2f1b-396e-8525-bc1c4d2d1570","Miss","Jeromy","Emard","74A Mraz Walks","port","Victorias","Maine","Anguilla","748-133-388","969-043-507","Abshire, Zulauf and Rowe","http://www.senger.info/","Marking Machine Operator","gray","2012-12-22","dallas18@yahoo.com","+1w7""yr%lY?sIU"
"92728cf6-a5d6-3609-be40-c3493fe623d8","Mr.","Fernando","Thiel","16A/54 Hayes Plain Apt. 488","stad","Meycauayan","New Mexico","Maldives","289-719-795","570-614-486","Zemlak-White","https://www.schneider.com/molestias-non-quas-temporibus-eum-repudiandae-doloribus-provident","Biologist","lime","1985-01-29","domenico19@dooley.info","5Z9b~&Ngk}&"
"ad6c8795-5cbd-347b-9638-990af7c89f65","Mr.","Okey","Muller","95 Weimann Ville Suite 492","mouth","Cotabato City","California","Falkland Islands (Malvinas)","017-786-293","525-911-694","Fritsch, Marvin and Effertz","https://www.bode.com/officia-molestias-corrupti-molestias-voluptas-exercitationem-omnis-temporibus","Camera Repairer","fuchsia","1983-10-17","lempi.zemlak@yahoo.com","@l5mxV`X"
"780e87cb-37a8-3a0e-9087-97d41468c1c9","Dr.","Amira","Jerde","49A/26 Lemke Bridge Apt. 588","haven","Toledo","Minnesota","New Caledonia","431-987-158","454-104-885","Pollich, Leannon and Will","https://schimmel.info/libero-in-distinctio-quis-ut-qui-voluptates-voluptatibus.html","Mathematical Technician","white","2016-06-18","beulah.weissnat@abernathy.info","ka""6?L:EiwIKQUX"
"166b14bf-2a30-37c3-b61c-26482990b37a","Mr.","Burdette","Stracke","92 Witting Place","borough","Urdaneta","Oklahoma","Gabon","052-923-195","665-752-183","Keebler, Russel and Kuhic","http://www.windler.com/","Engine Assembler","navy","1989-09-04","jgerlach@hotmail.com",")TxC&-L]G)"
"59c4e505-d761-3eeb-89e7-5bbc8c4d3a35","Prof.","Rodrigo","Quigley","80/50 Hammes Landing Apt. 739","mouth","San Fernando","New Mexico","Saint Helena","261-169-783","886-573-323","Roob, Padberg and Von","http://koelpin.com/eaque-a-vitae-autem-itaque-atque-molestiae","Fashion Model","olive","2021-07-04","weissnat.aliya@walsh.com","/=,ygl|aX\(7NYyz}"
"c7ec1228-19b6-3609-8e9e-060f1a30cf49","Mr.","Maximillia","Orn","03A/10 Stanton Terrace Apt. 654","town","Naga","Wisconsin","Niger","055-824-776","485-549-187","Hammes-Hilpert","http://www.fahey.com/et-tempora-ea-ut-aut-nobis-tempore-aut","Philosophy and Religion Teacher","white","1988-10-10","abernathy.lloyd@lemke.org","SwwZ7C1)N=Xf"
"b2f81a13-3921-390d-ac81-f995646ebad4","Prof.","Cali","Schuster","41A Jones Brook","ville","Cauayan","South Carolina","Barbados","720-161-510","738-690-876","Cole-Adams","http://spinka.com/quasi-nemo-cupiditate-sit","Etcher and Engraver","maroon","1975-03-09","kub.macie@kihn.org","U{wV7StF!d}RZ_A+1F"
"4f4aa0bd-98b2-34c4-a86a-f854310d3977","Dr.","Eulalia","Marvin","92/79 Kling Spring Apt. 012","view","Bacolod","Tennessee","Ecuador","923-166-219","529-253-443","Medhurst, Bradtke and Olson","http://www.dubuque.com/","Able Seamen","white","2006-03-17","mitchell.harrison@gmail.com","aZvz"".\A,3~|T%'T\"
"118d3d51-4ec5-3eb6-959e-95e5fd68cc2a","Prof.","Einar","Crooks","73A/79 Kreiger Manors","side","Tayabas","Wyoming","Ireland","605-049-262","981-580-950","Steuber Group","http://www.trantow.biz/","Fitter","navy","2018-03-13","rylan.crona@hotmail.com","r7UdqM@\4Gi.p"
"f193db34-7304-318b-85c5-df6d5ac88960","Miss","Clemens","Brakus","63 Botsford Loaf Apt. 813","bury","San Fernando","Michigan","Guernsey","433-542-313","972-532-351","Greenfelder-Prohaska","https://beier.com/illum-minima-quidem-rerum-nesciunt-explicabo-eveniet.html","Engineering","gray","1977-04-12","kenna00@auer.biz","~'^i\M~gu*dh,m%hH"
"31777fa5-bebc-3f82-9891-84add6d7c0c9","Dr.","Maud","Douglas","62 Brekke Motorway Apt. 582","ville","Marikina","Nevada","Cameroon","474-514-047","249-544-318","O'Kon, Bradtke and Russel","http://www.labadie.org/","Biologist","purple","2007-01-07","jerde.gerson@hotmail.com","^0J_""Ae"
"cb64f69c-c169-3af1-941b-80e5a99ad8a5","Mrs.","Carolyn","Kiehn","47A/32 Collier Branch","ton","Tuguegarao","Georgia","Ethiopia","702-624-571","339-736-083","Hoeger-Hoeger","http://hagenes.info/necessitatibus-rerum-dolores-debitis.html","Operations Research Analyst","yellow","2019-02-25","mgottlieb@gmail.com","T7)Fg^o@lOIu"
"2c59eb2d-9105-3117-bb06-12b1e603ae48","Dr.","Miller","Hackett","11/79 Mohr Meadows Apt. 382","bury","Iligan","Maryland","American Samoa","970-844-088","317-503-993","Kassulke, Thompson and Hansen","https://gulgowski.org/alias-molestiae-quasi-aperiam-eveniet-voluptatem-ea-suscipit.html","Interpreter OR Translator","white","1975-09-14","durgan.josiah@wisozk.com","7NY7H2i>9g"""
"ae8f8ff1-3110-3fcf-a203-b15655d21ded","Ms.","Sanford","Spinka","54A Witting Ford","ville","Bais","Ohio","Fiji","018-662-022","516-209-995","Crooks LLC","http://www.casper.com/nemo-quam-ut-sapiente-quis-rerum-ut","Percussion Instrument Repairer","black","1989-03-14","lisette.white@gmail.com","}jU`48`zz16>y?'\~"
"604ae416-2b1c-3ab5-8ca8-13f6b51e493d","Prof.","Caitlyn","Huel","92A/36 Nicolas Lodge","ville","Balanga","North Carolina","Tuvalu","843-050-734","332-904-697","Hermann, Feeney and Paucek","http://fahey.com/voluptate-quia-iusto-quo-suscipit-ab-sit-ut.html","Dredge Operator","white","2015-05-20","mhettinger@welch.org","X[;5h|3"
"34e590a1-4672-3b1d-b4c3-deb6f20c6509","Prof.","Thaddeus","Jaskolski","42/73 Schinner Mission","shire","Bacolod","Arkansas","Iraq","476-692-081","662-039-358","Ortiz-Fadel","https://www.erdman.net/ea-numquam-ad-autem-ut-nobis-dolores-ullam","Environmental Compliance Inspector","lime","1971-07-16","qkeeling@yahoo.com","P&n%!O:6jBDR]b"
"486f79ed-aca2-39ca-9fd2-7fbe68e46628","Dr.","Mortimer","Considine","76/39 Davis Manors","mouth","Kidapawan","Massachusetts","Lithuania","922-157-999","541-033-222","Boyle PLC","https://herzog.com/quia-architecto-reprehenderit-est-et-repudiandae-non-quidem-quo.html","Medical Assistant","black","2014-09-12","mckenzie.josue@gmail.com","@VI/w[)dgAM)j"
"a222ffa3-11c6-3e77-a658-713acf5d29eb","Prof.","Elmore","Gislason","85 Rutherford Islands Apt. 636","town","Isabela","District of Columbia","Morocco","856-823-328","277-857-301","Hackett, Koepp and Fadel","http://bartoletti.com/eligendi-aspernatur-velit-eos-amet-impedit-cupiditate-qui.html","Logging Worker","blue","1997-01-08","hbednar@krajcik.com","C+^5eH"
"1e4ff72e-8318-3fbc-8852-30094098034d","Dr.","Jerrell","Ryan","80/31 Corwin Keys Apt. 392","ville","Pagadian","North Carolina","Chad","820-595-377","398-811-306","Casper PLC","http://cremin.org/mollitia-nulla-quasi-enim-qui","Radiation Therapist","yellow","1987-12-27","zachary.streich@borer.com","[i{Da,=;7E:urETUL"
"c53ca8ea-d5c2-33a6-8a36-88685cb14eaa","Ms.","King","Schumm","14A Turner Square","port","Bacoor","Arizona","Morocco","368-515-565","537-888-732","Hane Inc","http://corkery.org/dolore-iure-ducimus-eos-vel-odio.html","Substance Abuse Social Worker","purple","1974-06-28","wilderman.clara@gusikowski.com","XOV/h+"
"47d72de9-f128-30eb-aaa5-7987736bd57f","Prof.","Mac","Glover","87/80 Mosciski Forges","chester","Balanga","District of Columbia","Thailand","322-792-385","500-518-947","Leuschke, Stokes and McClure","http://www.hoppe.info/vel-natus-qui-ut-ipsam-in-corrupti-et.html","Atmospheric and Space Scientist","gray","1977-02-11","king32@hotmail.com","!jnn!h"
"a41b4487-14ed-3fb3-92d1-9a981d949578","Prof.","Jo","Von","99/72 Schinner Mews Apt. 109","borough","Tacurong","Washington","Sri Lanka","629-930-523","207-717-591","Gutkowski and Sons","http://www.lemke.info/","Anthropologist OR Archeologist","aqua","1974-09-06","kautzer.kristy@schimmel.com","o.?)HOu3@uks=otcM["
"e71a3862-e551-3449-980a-cc74734d560c","Prof.","Murray","Wiza","27/27 Zieme Via Apt. 729","burgh","Vigan","North Dakota","Iraq","494-185-966","826-250-917","Glover-McCullough","http://barton.com/omnis-beatae-ad-quos-sit","Log Grader and Scaler","silver","2008-11-10","herminia.medhurst@mertz.biz","b/`rq7\,+-a;?;,uP"
"7e133a5a-4074-3ed3-a7e8-04a0bd7f20ee","Ms.","Adelbert","Hayes","26A/78 Heathcote Vista","burgh","Olongapo","Montana","Central African Republic","566-357-813","669-043-539","Halvorson, Hessel and Kautzer","http://jacobson.com/incidunt-odit-voluptatibus-debitis-autem","Nursing Instructor","gray","2012-08-27","caden.rutherford@emmerich.com","K<Z.1]gJ1;xLD,"
"9d7ecc5a-c751-3ebd-91ea-80ea01c12f05","Mr.","Jonathon","Barrows","18 Connelly Valley","haven","Ormoc","Arizona","French Southern Territories","960-641-838","179-094-017","Hammes-Friesen","http://www.torp.com/","Psychologist","silver","2023-08-03","leatha87@gmail.com","u)8WMfO\!`^/Q)|<s~!"
"b5917177-2dcf-311d-bcf5-cdc084431d04","Mrs.","Cheyenne","Farrell","32A Towne Passage Apt. 445","furt","Tangub","North Dakota","El Salvador","151-745-258","842-383-053","Welch, Runolfsdottir and Towne","http://www.cole.com/","Industrial Equipment Maintenance","teal","2003-12-29","louie16@haag.com","Di[_QOH15'H[A?Y"
"e1c0db75-bc81-35c6-8b9b-d8f6b0efe912","Mrs.","Julius","Jacobson","83A Williamson Way","haven","Cabadbaran","Wisconsin","Kenya","152-449-413","656-051-934","Hegmann-Jakubowski","http://www.schiller.com/eos-et-dicta-est-impedit-ut","Air Crew Member","gray","1991-03-11","dharvey@heathcote.com","0]/a{slqq"
"be395b29-0985-389a-bb3c-ce841222fd5d","Mrs.","Heidi","Prohaska","94A Hickle Wall","ville","Tagaytay","Arkansas","Niue","562-144-773","958-298-931","Rau-Labadie","http://rath.com/enim-rerum-neque-quis-inventore","Parts Salesperson","purple","1975-10-31","skiles.anika@stark.com","3KqOW,"
"74185bfa-2250-37dd-845f-1070c5789d9a","Mr.","Crawford","Bode","86/26 Rath Ville Apt. 893","mouth","Dapitan","Wisconsin","Liberia","401-647-572","577-475-812","Jast, Schinner and Ritchie","http://cummings.com/","Military Officer","navy","1978-08-07","welch.vernice@gmail.com","~3b8`gc"
"e6e93de7-0443-3975-b1ec-7a4789137e8e","Prof.","Ola","Hansen","50A/07 Marvin Course","port","Guihulngan","New Mexico","Serbia","723-904-834","556-768-895","Cummings Inc","http://www.hickle.net/atque-impedit-nobis-rerum-assumenda-inventore-non.html","Sheriff","fuchsia","1995-01-26","ncummerata@hotmail.com","m>S&q-6=MYt[AbNnC"
"f2ac6758-a521-310a-8204-933a34e6372d","Prof.","Bettie","Parisian","77A Jast Ports","shire","Naga","Michigan","Cameroon","698-977-212","178-426-437","Murphy Inc","http://wyman.com/","Credit Authorizer","white","2003-02-07","shaley@yahoo.com","C7tz\r"
"1ac3a00f-cb3f-37cb-ad50-f995befc4211","Dr.","Treva","Hammes","90 Oberbrunner Stream","mouth","Balanga","West Virginia","Canada","924-994-885","373-122-540","Beier, Hahn and Lockman","http://brown.org/voluptas-similique-eius-possimus-facere-voluptas-nam-eos","Computer","gray","2016-06-08","qdeckow@bailey.com","kVboA6k`"
"eaa0e1c6-39c3-33f4-9802-03ac0660730e","Miss","Yvonne","Reichert","42A/30 Gislason Skyway","shire","Kabankalan","Tennessee","Guam","461-702-702","690-496-404","McClure, Lind and Turner","http://www.gerlach.info/","Kindergarten Teacher","teal","2012-11-14","ankunding.trenton@gusikowski.info","%Nh!`4014t~wM:ZOYFp"
"2cfb6715-18fb-3138-a99f-e9bba47acccd","Mr.","Ivory","Graham","60A/11 Rau Forest","stad","Palayan","Florida","Taiwan","157-411-778","208-980-110","Konopelski Group","http://vonrueden.com/","Mechanical Engineering Technician","aqua","1999-06-11","gail.cassin@tillman.com","D~.{^)Z~Zk'zUpRv"
"f6deafea-5902-348d-be5d-289d83e35c33","Prof.","Daija","Smith","65A Davis Stream Apt. 606","land","Las Piñas","Vermont","Switzerland","666-542-380","567-096-788","Douglas LLC","http://www.schaefer.com/omnis-consequatur-et-velit-aut-nam.html","Recyclable Material Collector","gray","1994-01-09","leffler.robert@gmail.com",">xg2}Cn_M~!G@d*"
"4603d5c1-8094-3820-9822-1eecf0c48593","Ms.","Macy","Schumm","12 Rempel Port Apt. 494","port","Catbalogan","North Carolina","Sierra Leone","897-236-202","227-268-830","Blick, Quitzon and Graham","http://hand.com/et-sed-quas-porro-dolores-veniam-qui-voluptate","Maintenance and Repair Worker","maroon","1986-05-21","bode.laverne@gmail.com","0_%u$q7"
"2b0c4a81-6f59-3e9c-90fc-2e3bc3d964a6","Dr.","Ronny","Jacobs","97 Sporer Expressway Apt. 738","bury","Tacloban","Maryland","Palestinian Territories","931-149-621","669-003-036","Jacobi and Sons","http://oreilly.com/","Gas Plant Operator","silver","1973-10-08","yullrich@koelpin.com","<$R!+dwJ0fMZMqU}"
"7aad191f-eed7-3745-a786-cf96f4eb0591","Dr.","Melissa","Pagac","04A Beier Curve","berg","Tangub","Pennsylvania","Puerto Rico","586-356-991","772-133-640","Cruickshank, Lowe and Hahn","http://www.reynolds.org/","Medical Records Technician","silver","2012-06-24","xzavier.dietrich@hotmail.com","5kP9XW]"
"d54666f6-3108-3b4c-b2e5-dac466573060","Ms.","Frank","VonRueden","54 Murphy Circle","stad","Pagadian","Hawaii","Guam","268-867-912","726-923-904","Schaefer, Prohaska and Ullrich","http://monahan.com/aperiam-consectetur-ut-quia-itaque-repellendus-culpa-libero-laudantium.html","Medical Equipment Preparer","maroon","2022-01-11","art.kulas@nader.biz","EZhX;85"
"83db6e60-59b9-34f7-b971-94932ee09fbd","Prof.","Gunnar","Nader","32/55 Bogan Pass Suite 684","town","Cadiz","Oklahoma","Papua New Guinea","735-347-846","554-813-607","Stoltenberg LLC","https://moore.com/accusantium-autem-commodi-rerum-ipsam-dolorum-necessitatibus-rem.html","Municipal Clerk","aqua","1983-02-14","sanford.kamren@purdy.com","^|s@iG~P>TPR"
"5f0aa71c-5eff-3cfd-9930-d63992378051","Mr.","Rupert","Halvorson","36A Koelpin Port Suite 192","port","San Jose","New Hampshire","French Guiana","035-503-989","712-981-451","Harris, Bahringer and Conroy","http://kutch.com/culpa-vel-eaque-et-dignissimos-quis.html","Battery Repairer","black","1987-12-16","beahan.savanah@frami.net","TFzmN2-RF>liQb}~1"
"4cb96695-77f3-3e82-bfc1-a886ca6e26d9","Miss","Shanna","Dooley","11A Murazik Walks Apt. 486","borough","Alaminos","Kansas","Dominican Republic","269-638-436","872-882-574","Dickinson, Kautzer and Wunsch","http://windler.com/et-repellendus-laudantium-quibusdam-sed-facilis-neque-voluptatem","Production Planner","navy","2006-02-24","ideckow@dooley.com","'kqwsw&XG:q"
"55c4fdf1-f968-32f8-8c0e-25f1114fd1d8","Miss","Nadia","Nienow","94A/70 Jakubowski Drives Suite 305","mouth","Butuan","Colorado","French Polynesia","644-806-599","955-761-145","Wuckert, Towne and Gleason","http://www.labadie.org/quae-ut-ratione-ut-optio-rem","Set and Exhibit Designer","yellow","2016-05-29","dolly51@hotmail.com","GQo`^(S"
"fd7526d2-d25c-353d-8c8d-28a15f6ed9b8","Prof.","Madisen","Schiller","84/65 Bartoletti Lane","mouth","Cauayan","Colorado","Tunisia","568-212-675","722-164-143","Schowalter, Kunze and Boyle","http://herman.com/quia-autem-dolores-dolorem-eius-aliquam-reprehenderit-molestias-sunt","Credit Checkers Clerk","purple","1970-06-23","era.johns@windler.net","['^1O)*5"
"d4b29ec4-a016-3fa3-bd9b-42f2ce7c084f","Prof.","Alverta","Wiza","61 Rowe Port Suite 597","mouth","Zamboanga City","Minnesota","Gambia","526-406-118","219-297-636","Nolan-Abernathy","http://hill.biz/voluptatum-velit-et-qui-a-voluptate-ratione.html","Nuclear Monitoring Technician","silver","2001-09-07","araceli.weissnat@zboncak.com","JKZb<;A0})3WN`S4CE"
"74e87cde-46fc-3a7c-96cb-f2efc50423c0","Miss","Reuben","Stehr","07A Olson Forge","burgh","El Salvador","Wisconsin","Saint Helena","080-121-723","516-514-380","Glover-Bogisich","http://olson.com/","Astronomer","olive","2023-02-10","kenneth.price@stanton.org","9|6^S8<9Y3o#;.N%"
"a71fac37-1c32-3f62-b2aa-8322f89d3fc7","Dr.","Zaria","Lang","97A/47 Waelchi Well Suite 793","fort","Cagayan de Oro","North Carolina","Vanuatu","629-547-018","406-819-760","Pagac, Welch and Wolff","https://skiles.net/adipisci-earum-dolor-esse-voluptas.html","Bill and Account Collector","maroon","2014-01-10","knikolaus@purdy.com","j\:""Mh_.jF&x3d2)o"
"74f6b1a5-c59f-3930-b6e4-76d47ddfdff2","Dr.","Cathy","Rosenbaum","66A Collins Manors","ville","Iloilo City","Oregon","Israel","937-109-490","535-319-990","Cremin-Grant","https://www.hirthe.biz/dicta-qui-repudiandae-blanditiis-qui-sed-quae","Buffing and Polishing Operator","green","1996-01-05","ahessel@vonrueden.com","""IA4,SfE/tgAAT"
"0a4b15cb-04a9-38af-a405-854a17c685c8","Prof.","Orie","Block","76 Windler Lakes","side","Olongapo","Pennsylvania","Isle of Man","736-197-811","711-604-027","Huels Inc","http://www.goodwin.com/qui-ut-vitae-distinctio-qui.html","Screen Printing Machine Operator","silver","2002-04-13","hipolito.ratke@yahoo.com","M.""C""cj"
"696b4e81-897d-303c-abff-8bf3c2e7fd5b","Miss","Humberto","Rippin","36 Hoppe Canyon","port","Digos","Georgia","Bangladesh","379-485-559","117-853-626","Carroll, Harber and Hoeger","http://www.greenfelder.biz/","Arbitrator","black","2002-10-03","kendrick48@hotmail.com","ud]<UI"
"1ebe14f5-04fc-3636-970e-d9a2ce906e16","Mr.","George","Homenick","49A Schumm Cove Suite 765","mouth","Batangas City","Alaska","Yemen","764-602-799","579-446-848","Wisozk-Lueilwitz","http://fadel.com/fugiat-maxime-similique-est-aut","Radiation Therapist","fuchsia","1982-06-20","ulices52@yahoo.com","(uWTk""|^"
"8d446a6c-3fbe-3ef6-bdfd-032b68bbe90a","Miss","Wava","Kemmer","08A/40 Braun Forge","furt","Cagayan de Oro","Colorado","Cayman Islands","633-573-522","217-135-621","Lockman Inc","http://kulas.info/eaque-minus-ipsum-corrupti","Opticians","green","2012-09-25","huel.diana@hotmail.com","j/**1`\eUN5cK"
"e37f32b2-877e-38a3-8c01-8a6ed687db6f","Ms.","Fredy","Reinger","57A/42 Schneider Bridge Apt. 847","side","Alaminos","Idaho","Niue","501-538-181","638-734-309","Schoen Inc","http://marvin.biz/perferendis-molestias-autem-unde-enim-repellat","Hunter and Trapper","aqua","1978-10-23","samantha67@gmail.com","KI)/:\-6sr._0J"
"26707898-4b17-3de7-9233-925c115ca16a","Dr.","Isabella","Block","38 Rogahn Point","side","Dasmariñas","Maine","Heard Island and McDonald Islands","102-361-055","692-058-855","Simonis, Schneider and Abshire","http://www.kreiger.biz/iure-nemo-aperiam-aut-est","Artillery Officer","aqua","1977-02-23","thaddeus.bartell@yahoo.com","RkI~lGA+a"
"2dc24d11-fe10-3e2a-a1a8-7e4bb62a85d5","Ms.","Bernadine","Welch","70A Jacobson Estate Apt. 991","mouth","Balanga","Maine","Bolivia","035-567-309","907-833-667","Smith, Funk and Considine","http://www.hartmann.info/aliquam-asperiores-excepturi-est-pariatur-voluptatem-velit-qui.html","Janitor","navy","1979-07-13","hansen.jaqueline@ondricka.com","Sp$s4./D>mE$ss"
"a3c59de1-4294-39d9-b4f8-c53f93aa48b4","Prof.","Sim","Ratke","77/41 Terry Valleys Apt. 277","berg","Cavite City","Nebraska","Kuwait","462-716-349","454-925-132","Ward, Hessel and Runte","http://schumm.net/","Hunter and Trapper","blue","1984-08-10","uyost@schowalter.com","#0{D(|$i};yN*-\B%{"
"5cd09a35-f54a-380f-9162-93c7061f1103","Dr.","Cortez","Graham","85/66 Gerlach Well Apt. 801","stad","Parañaque","Idaho","Netherlands","833-056-326","420-064-304","Trantow, Schinner and Sawayn","http://www.harber.net/","Extruding and Drawing Machine Operator","gray","1972-08-16","jerel.olson@hotmail.com","v4PI5>l[NBm-GX3i"
"594bd458-7d09-31b4-aee2-799a9f6b6cf4","Prof.","Lorine","Erdman","52 Mayert Prairie","ton","Panabo","Texas","Mozambique","321-897-337","968-905-765","Predovic-Dickens","https://www.stanton.org/quis-dolor-voluptas-dolore-fugiat-ea-et-sint","Lathe Operator","fuchsia","2018-05-20","gfarrell@gmail.com","~PW0!5P&Xi[c`;y"
"ee45de9b-a3ae-3613-94a2-5153c65391ce","Mrs.","Fannie","Swift","10A Schultz Rapids Apt. 259","borough","Iligan","New Jersey","Falkland Islands (Malvinas)","580-473-796","512-784-091","Kutch-Schuppe","http://nikolaus.com/illum-voluptatem-minus-optio-nihil","Psychiatrist","aqua","1997-11-09","qheaney@gmail.com","W:0wnnH+LOSp="
"0cfd8b16-6e59-3eb2-aac4-7abd75443b70","Prof.","Geraldine","O'Connell","30 Nikolaus Isle","burgh","Cavite City","Indiana","Belarus","675-181-290","316-652-011","Jones and Sons","http://mueller.com/","Ceiling Tile Installer","teal","1978-03-28","zulauf.jake@gmail.com","t'h:]/,A"
"df7d9f80-1f62-3f3a-8349-9ee976807e41","Ms.","Aurelia","Konopelski","21A Bergnaum Trace","port","Butuan","South Dakota","Dominican Republic","546-503-017","390-332-930","Wuckert-Gibson","http://www.langosh.com/in-maiores-ut-quos-numquam-est-inventore-accusamus","Medical Appliance Technician","fuchsia","1979-05-22","ruecker.jazmin@yahoo.com","iFH>lp""wy)<P{!Ky@v8"
"0527fbea-ba95-3c51-af93-daad19062ca1","Mr.","Ivy","Armstrong","40A Huels Lane","burgh","Bacolod","Wisconsin","Belgium","467-492-309","225-975-185","McClure Group","https://www.howe.net/repellat-debitis-molestias-eligendi","Food Servers","navy","1978-02-08","alberta.dickens@gmail.com","jxjxHmhg'{7A]"
"ea31b880-25af-3ef2-990a-0ce0ae9e849f","Prof.","Gregoria","Barton","22/76 Simonis Glen Suite 881","bury","Sagay","Montana","Ireland","110-210-695","762-069-619","Hayes-Purdy","http://www.lueilwitz.com/sequi-aut-in-fugiat-aut-tempore-quasi","Parking Lot Attendant","gray","1973-10-01","nbergstrom@vonrueden.org",">jg[/Ef\t5dfrTT=2S"
"7706ca81-439b-36ea-8a02-99e8337187b8","Miss","Hobart","Lubowitz","47 Cummerata Views Suite 427","mouth","Escalante","California","Cambodia","602-181-789","604-028-530","Thiel, Keeling and Rempel","http://dare.com/non-quod-dolor-quas-est-exercitationem-atque-quasi-qui","Electronic Engineering Technician","green","2021-02-03","lonny.rau@borer.com","7fQIZ^hMgnam!2v"
"0737cdd4-85cb-3185-8d51-e36627b9d5e5","Miss","Jenifer","Daniel","57 Rogahn Islands Apt. 962","chester","Calapan","District of Columbia","Micronesia","213-577-329","995-778-662","Torphy and Sons","http://gottlieb.com/ratione-culpa-et-occaecati-optio.html","Armored Assault Vehicle Crew Member","green","2024-03-13","goyette.lauryn@kuhic.com","X0H=&`S#^W$hL"
"7eec6c93-426a-35e2-8a57-ebd5386b1b61","Prof.","Malcolm","Kuhic","98 Jacobson Flats","berg","Tabuk","Montana","Albania","231-656-239","098-391-860","Willms, Mayert and Auer","https://www.bahringer.com/quis-doloremque-consequatur-quo-dicta","Dentist","navy","1987-12-02","janick31@gmail.com","HZaHd\NGvhJ]"
"60d94303-9b76-3802-a426-ce5489e0897e","Dr.","Demetrius","Gibson","25/20 Labadie Plains Apt. 505","side","Naga","Rhode Island","Gabon","623-183-480","732-942-799","Deckow, Hane and Cummerata","http://www.zemlak.info/","Stock Clerk","lime","1971-10-21","nicholas.ebert@hotmail.com",")DDC4KJO3q&vOC,R+)@f"
"7a3adfe8-657e-3908-9102-e9fda61ad630","Ms.","Ellsworth","Kihn","86A Buckridge Crest","burgh","Digos","Nebraska","Andorra","128-302-916","158-740-972","Turner PLC","https://www.krajcik.org/eligendi-itaque-excepturi-corporis-et-aliquam-sed-ab-vero","Teacher","silver","2000-02-15","harry45@ohara.com","U+m6?10|c[][L]E3{}[N"
"01f69b29-c87b-34e7-932c-438683664c8d","Mr.","Sharon","Stehr","85A/68 Harris Squares","bury","Lipa","New Hampshire","Bulgaria","323-772-114","776-826-884","Schiller and Sons","http://carroll.com/expedita-nobis-labore-voluptate-aliquid-dolor-distinctio-quo-deleniti","Social Media Marketing Manager","navy","2009-10-15","homenick.brianne@littel.org","z!AT|NP-=?^"
"c1334e00-4027-3ce4-9e3e-0cd3ed19abab","Prof.","Stone","Rutherford","57 Hill Ridge Suite 942","shire","Tanauan","Ohio","Christmas Island","160-101-099","026-949-955","Johns, Collins and Hilpert","http://www.auer.org/ut-enim-modi-expedita","Plant Scientist","black","1985-05-04","jace.franecki@zemlak.info","|937@9>fybFjB"
"ea3d6248-bb53-3da8-a54d-db7b10858200","Prof.","Joannie","Williamson","71A/07 Hodkiewicz Plaza Apt. 176","ton","Tagum","West Virginia","Zimbabwe","120-018-645","632-657-540","Dare-Weber","http://pagac.com/vel-perspiciatis-ratione-quam-libero-ut.html","Music Arranger and Orchestrator","lime","1984-12-13","walsh.antonia@oreilly.com","Nv/(i(H=UC"
"65fdc472-1b5c-3a3a-9616-8825970df5ff","Mr.","Laurel","Hodkiewicz","22/10 Bode Locks Suite 424","port","Dasmariñas","Minnesota","Anguilla","541-602-416","518-724-709","Cronin, Funk and Price","http://www.reinger.com/corporis-vel-magnam-reiciendis-culpa-quisquam-ullam-ex","Industrial Engineering Technician","gray","1982-05-07","durgan.makenna@kovacek.com","$mj2^Q[[7%h.FqE."
"928f4ead-2c9d-3659-b754-89fbc1136455","Ms.","Gloria","Konopelski","46A Walsh Skyway","furt","Masbate City","Michigan","Saint Helena","460-044-613","678-427-148","Wiegand, Stanton and Hintz","http://kessler.info/in-dolore-ad-et-magnam-veniam-ut","Garment","lime","1980-08-17","antoinette.haag@gmail.com","S]v,5#SO8&6C(;oM"
"1b2594e9-41e0-30b4-a363-60aca3264b7a","Mrs.","Aniya","Murphy","50/67 O'Hara Dam Apt. 563","burgh","Iriga","Pennsylvania","Macao","364-190-018","151-490-277","Nolan-Emard","http://www.gislason.net/cupiditate-sunt-est-magnam-velit-aliquid-sed-eos-eius","Orthotist OR Prosthetist","green","2017-12-23","uwisoky@schmidt.com","TQKn5R9#[OR4t"
"938c2950-7f60-376a-9bc7-eacbf81f829e","Mr.","Naomi","Schmitt","91/76 Padberg Viaduct","town","Canlaon","Missouri","Cook Islands","780-509-319","004-051-819","Harris, O'Hara and Blick","https://keebler.com/pariatur-tempora-natus-ut-qui-et-minima.html","Information Systems Manager","maroon","1981-10-07","tillman57@ratke.com","db:NeSAS|x1NFhVJ"
"245752be-b047-3203-b97c-ae772c146cb6","Ms.","Antoinette","Walsh","60 Donnelly Row Apt. 321","port","Dapitan","Georgia","French Polynesia","078-275-366","877-872-453","Auer LLC","http://www.haag.com/","Pastry Chef","fuchsia","1995-12-26","berniece.spinka@hotmail.com","^UYQPz3V}X]s"
"5aac0620-820d-3f90-957d-16b03726fd3a","Prof.","Ronny","Howe","87 Jacobs Locks","view","Tayabas","Arkansas","Slovenia","489-420-127","002-496-975","Schmeler, Mayer and Rolfson","http://lowe.com/","Professional Photographer","blue","2017-11-26","lupe.nicolas@hotmail.com","y""'(>EScTEcC"
"f7fac0a7-d113-3e36-8cfe-215ed57c21e1","Ms.","Lue","Lubowitz","22A/61 Johns Loop Suite 082","land","Calbayog","Montana","Haiti","117-550-474","828-548-906","Berge PLC","http://kiehn.net/aut-non-sit-voluptas-nobis-error","Recyclable Material Collector","gray","2015-11-23","jefferey53@hotmail.com","$yh|ZG~/]"
"7e86a498-a984-30ee-a7c0-21dddf70bb4b","Dr.","Ricardo","Adams","70 Beer Drives","berg","Canlaon","South Dakota","South Georgia and the South Sandwich Islands","006-232-108","515-656-316","Kovacek, Daugherty and West","http://nitzsche.net/","Waste Treatment Plant Operator","white","1978-05-04","cathryn.terry@yahoo.com","VxI&,Fl8"
"951e2698-f4dd-30c4-b3dc-844405c3766a","Dr.","Brandt","O'Hara","05A Metz Mountain Apt. 479","ville","Trece Martires","Massachusetts","Isle of Man","023-535-537","653-894-984","Wiegand Ltd","https://rau.biz/voluptatem-iusto-expedita-et-mollitia-sed-quis-rerum.html","Fence Erector","navy","1997-08-04","nona34@oconnell.com","eLI>zV:""va~M*aw/3@)"
"9b1470fb-1493-331e-af59-65511c05ff54","Prof.","Hailey","Cruickshank","07A/85 Terry Squares","stad","Santiago","Ohio","Gabon","079-587-820","233-633-715","Rice-Rosenbaum","https://nitzsche.info/ut-explicabo-debitis-aliquam.html","Secretary","purple","1980-08-05","schumm.brown@boyle.info","S3*6[6oXO?^Tx%Kdwm"
"caaa31ac-ff7c-3410-bebf-a6f250cc2137","Miss","Unique","Prosacco","28 Runte Crossing","fort","Calapan","Wisconsin","Ecuador","656-757-218","759-273-552","Rath, Murazik and Pfeffer","https://www.boyle.com/numquam-non-eos-voluptas-eligendi","Dental Laboratory Technician","navy","1971-12-06","kassandra.macejkovic@hotmail.com","iBpDcpLN|n}"
"d9076a3a-f6a1-3543-a871-afe323aee511","Mrs.","Amber","Muller","55/88 Cormier Station Apt. 095","side","Bacolod","Kentucky","Nigeria","904-126-458","589-546-981","Bartoletti PLC","http://www.wisoky.com/sequi-eos-similique-exercitationem-laborum-in-vel.html","Manufacturing Sales Representative","blue","2003-06-23","dibbert.merlin@wolf.info","*yE&Os6,{T"
"c6266e55-cd29-3310-b982-1737d7d172c1","Mr.","Lempi","Considine","73A Herman Village Apt. 756","chester","Tandag","Texas","Gabon","013-281-404","280-006-391","Lind-Harris","http://ward.com/nisi-provident-consequatur-qui-dolorem-quasi-quasi-accusantium","Molding and Casting Worker","silver","2005-07-09","arely53@runolfsson.org","\k0B+QT{AkRy<<.Y;"
"b94e4051-8eac-3b7c-ab76-41d6874e5155","Dr.","Margaretta","Kovacek","02A Nolan Spurs Suite 723","view","Bais","Hawaii","Bolivia","008-268-055","401-512-729","Hudson-Kerluke","http://www.mueller.biz/","Social Work Teacher","fuchsia","1989-11-01","rosa.raynor@kris.com","'FC\=DoRZI|]n"
"65a10ca8-693f-32bf-9c66-9a7162372199","Ms.","Assunta","Kuvalis","45 Barrows Terrace","ville","Escalante","Oklahoma","Portugal","445-793-522","908-345-373","Kutch, Keeling and Strosin","http://ernser.org/","Healthcare","purple","1993-09-01","andreanne.ritchie@yahoo.com","UxVWq`E2"
"af7688f3-7e5e-3bdd-8a3e-3addba6e20b6","Miss","Emmett","Botsford","76A/80 Treutel Brook","borough","Sagay","Montana","Jamaica","148-434-231","821-337-691","Schroeder Inc","http://www.herman.biz/iusto-et-dolores-quaerat-illo.html","Gaming Manager","black","1976-08-16","oconnell.edwardo@rowe.com","sGmz]4zj$ML8"
"f6e286a4-8e65-3710-bfa7-61794d301f97","Dr.","Jennings","Lynch","54/90 Sporer Trail Suite 661","chester","Batangas City","Missouri","Malta","038-150-745","231-886-581","Lind Ltd","http://collins.org/sed-excepturi-quo-et-iure-voluptatem-natus","Photoengraver","olive","1983-10-31","considine.madaline@gmail.com","nzFJ4.Ms"
"bc97dea0-bd22-3c46-9ee7-bedb5c23c891","Dr.","Lucinda","Bednar","04A/80 Altenwerth Cliffs","side","Iriga","Florida","Saudi Arabia","959-903-305","145-638-817","Schroeder-Dickinson","http://morar.com/nisi-sunt-voluptate-omnis-quibusdam-et","Electrical Parts Reconditioner","gray","2005-02-06","streich.rocky@emard.com","'.77M=|u;9v~W?)v"
"1dc18332-8e97-3e5a-a7c0-e644b8b44bdd","Prof.","Keyshawn","Hirthe","24A/91 Watsica Squares Suite 277","mouth","Iloilo City","Minnesota","Russian Federation","323-162-993","141-458-571","Braun, Marquardt and Dietrich","http://brekke.biz/quas-aut-sed-nam-et-iure-sapiente-tenetur-at","Cement Mason and Concrete Finisher","aqua","1999-11-15","bo83@cole.org","&?a--2\5Y"
"26ae68db-0619-334b-92f8-2f4e01b838ec","Miss","Tania","Hodkiewicz","40 Osinski Center","land","Malaybalay","Mississippi","Vietnam","924-488-140","772-998-042","Howell-Stark","http://www.walsh.com/illo-ullam-a-qui-maiores-voluptas-est.html","Nuclear Medicine Technologist","yellow","2007-04-19","curtis30@kuvalis.org","\,IS62ft;4K1X7N"
"81478483-7808-3451-99eb-fff19e15b40b","Miss","Elinore","Kessler","97A/62 Crooks Flat","furt","Dipolog","Mississippi","Madagascar","577-645-310","993-004-644","Robel, Sawayn and Lakin","http://reinger.biz/ullam-esse-voluptatem-aut-itaque-qui-voluptatem.html","Food Servers","gray","2000-03-05","schamberger.jett@ritchie.com","djk>kZ:%.XK+y}F1ra}<"
"d51b8ea4-1a0f-3233-bd28-497a470328d2","Dr.","Mireya","Torp","47A Herman Grove","stad","Borongan","District of Columbia","Peru","437-880-451","917-201-073","Swift, Larkin and Hauck","http://schulist.com/consectetur-iste-fugiat-ducimus-rerum-consectetur-quibusdam-architecto-autem","Child Care","purple","1974-03-16","stiedemann.delaney@yahoo.com","p51JX5LG0,;oo4Ig"
"bc1954ea-ea90-3266-92b6-537e2bac9c26","Mr.","Casey","Jerde","11/16 Yost Mews Suite 206","bury","Calamba","Indiana","Mayotte","404-961-430","843-256-497","Gusikowski PLC","https://ferry.org/aut-qui-voluptatum-laboriosam.html","Food Servers","teal","1973-10-20","greenholt.trisha@hotmail.com","|GnzjdO%0U[x=)O"
"5aac53c8-990d-323d-b23c-810a98b2f77c","Mr.","Clemens","Pfeffer","32 Beier Lodge","shire","Pasig","Tennessee","Bermuda","315-860-964","214-084-819","McCullough Inc","http://corwin.com/fugiat-ipsam-aliquid-facilis-sit-porro-eveniet","Economics Teacher","olive","2002-10-11","webert@yahoo.com","_-uI;5#AK_[R0F"
"6ea461af-b751-3dc8-8c3d-10e01981c7ec","Miss","Haylie","O'Reilly","45A/47 Oberbrunner Course","shire","Talisay","Illinois","Colombia","805-849-307","720-918-117","Berge LLC","http://www.willms.com/molestiae-ea-eum-repellat-voluptatem-sit.html","Business Teacher","olive","2017-05-23","ndouglas@homenick.net","tdG_72E"
"9e590336-0fa1-39d0-a206-fc0088c8a363","Prof.","Immanuel","Kuhlman","65A Watsica Summit","burgh","Naga","Idaho","Jordan","216-169-165","088-900-998","Kohler and Sons","http://www.bergstrom.com/sit-quaerat-voluptatem-dicta-repellat-repudiandae-quisquam-tempora.html","Therapist","fuchsia","2006-07-20","sven.auer@yahoo.com","|Yg6vKJi@5)II""l&QV83"
"0a70eaf9-452e-32c6-875c-f0e6ecb473b6","Prof.","Tre","O'Kon","11 Murphy Forges","ville","Tabaco","Idaho","Timor-Leste","396-429-426","102-062-313","Harber-Legros","http://cartwright.com/omnis-at-quia-maxime-nihil-placeat-tempora","Artist","teal","2012-03-04","vhegmann@yahoo.com","U2'2CCsnpu]5q"
"23ef61b6-a104-36eb-89a4-acd80f5c8586","Mrs.","Lilian","Tremblay","41A Von Cove Suite 439","shire","Batangas City","West Virginia","Cote d'Ivoire","013-958-573","650-439-360","Wunsch-Carter","http://ohara.biz/voluptas-itaque-quas-dolorem-reprehenderit-voluptatem-et","Numerical Control Machine Tool Operator","yellow","2018-10-12","cgutmann@ritchie.net","ilwA@0`<IH;"
"49456fb4-e60b-323f-88ee-422606eb6e1d","Dr.","Howell","Bogisich","90A Wyman Haven","land","Angeles","West Virginia","Indonesia","438-564-097","722-340-841","Cummings-O'Hara","http://mcdermott.com/fugiat-delectus-porro-libero-facere-praesentium-sit","Computer Software Engineer","fuchsia","1999-12-07","ferry.zachery@rolfson.info","ci%@p5""QlRJ"
"fdffc464-1484-3a65-82bb-497779f81698","Mrs.","Lewis","Nader","85 Hettinger Dale","ville","Antipolo","South Carolina","Slovakia (Slovak Republic)","349-338-895","298-021-971","Jacobson, Ritchie and Moore","http://www.botsford.com/qui-sed-dolores-et-quas-quas-odit-distinctio-quibusdam","System Administrator","silver","1980-11-30","wolf.coy@hotmail.com","2[';d+t7^Ey(&_<Y"
"3027f56f-69e2-3ba7-8341-1a06e21802d7","Prof.","Sofia","DuBuque","96A Schulist Plaza Apt. 552","borough","Iligan","Ohio","Korea","162-920-994","104-110-840","Herman, Cremin and Bode","http://www.wisozk.com/tempore-distinctio-et-modi-consequatur-facere-error-quaerat","Composer","maroon","1979-02-05","abbey.beier@gmail.com","@FHQNwY<W.9"
"da630db2-f334-3b7a-9227-b51e5dcf2161","Miss","Alene","Bayer","88A/76 Sawayn Stravenue Apt. 423","berg","San Fernando","Mississippi","Greece","660-443-647","119-117-972","Lowe Ltd","http://www.mante.com/","Mixing and Blending Machine Operator","purple","2004-06-03","candice73@yahoo.com","30^GmZ3U?K1"
"685d5f61-7118-3949-8f52-35cc23fb335e","Mrs.","Ben","Toy","23/50 Denesik Knolls Apt. 460","view","Kabankalan","Iowa","Isle of Man","299-962-429","377-622-400","Johnston Group","https://www.feil.net/et-ab-esse-quia-delectus-et-esse","Loading Machine Operator","fuchsia","2020-08-28","dylan63@yahoo.com","m4F\GBd@gnyL,&otLL~"
"f6396af4-4464-3c5a-ac0d-5a690ef2d783","Prof.","Jeanette","Brakus","29/47 Gleason Causeway","view","Bayawan","Missouri","Belarus","800-249-813","302-180-152","Crist-Cummerata","https://www.willms.org/occaecati-voluptas-nulla-nemo-magni-minus-eveniet","Mental Health Counselor","blue","1994-12-22","abshire.vernice@armstrong.com","'s6-y00b!8y"
"8ec80c83-8f52-3b1f-bbc0-2eba74909f4c","Mr.","Delores","Reinger","74/96 Grant Forges","chester","Biñan","South Dakota","Suriname","907-085-344","564-695-121","Hamill Inc","http://www.boyer.biz/minus-consequatur-eius-necessitatibus-et-sed-architecto-quis-ex","Bulldozer Operator","white","1991-05-12","jovan.grimes@hotmail.com","X@2pLM`CiOI}O:djZ_)("
"158009d8-f182-35d5-b86d-8cf8e93870ad","Miss","Amos","Mosciski","86 Sauer Turnpike Suite 805","berg","Olongapo","Colorado","Guam","848-819-815","673-519-025","Windler, Brekke and Dach","http://predovic.com/","Actor","lime","1983-07-26","kurt56@yahoo.com","3Ba%rG^""?y_"
"d2ef2422-b862-35dc-b973-ad0397254f4d","Mr.","Zakary","Balistreri","97/87 Koss Mountain","bury","Tagbilaran","Arkansas","Mauritania","006-849-099","131-506-429","O'Hara-Lockman","http://www.runolfsson.biz/animi-rerum-ipsa-fuga-optio-qui","Infantry","fuchsia","2001-10-02","elmer17@koelpin.net","rtDdOKuj1'U"
"f97ab87e-4fef-3501-b397-724a1a60e7e1","Prof.","Kenneth","Keebler","91A Murphy Estate Apt. 589","side","Pasig","North Carolina","New Zealand","339-298-314","251-302-695","McKenzie and Sons","https://www.streich.net/nulla-cumque-est-sit-quaerat-unde-ut-voluptas","Able Seamen","black","2012-06-25","timothy18@mills.com","R=MsFdf+r"
"906462dc-5610-3535-909c-4941e38ea448","Dr.","Zaria","Pfannerstill","90A/73 Zboncak Valleys Apt. 621","view","Surigao City","Nevada","South Georgia and the South Sandwich Islands","989-247-494","348-688-936","Gerlach, Ernser and Gottlieb","http://www.beahan.com/nam-sint-voluptates-ipsum-veniam","Rock Splitter","silver","2018-07-18","smitham.sonya@hintz.com","78LX^'KJgtD5"
"09311927-7d03-37c9-975f-17bc68cc480d","Miss","Eula","Bayer","72 Jacobson River","furt","Legazpi","South Carolina","Samoa","146-143-140","033-007-132","Goldner LLC","https://barton.com/tenetur-dolor-velit-nemo-repellendus-quo-perspiciatis-est-quia.html","Manicurists","purple","1978-07-28","hammes.lamar@gmail.com","Pbx-Sd\\3o\AZB"
"c7dcc274-0537-3504-ba63-3648f6d61fed","Dr.","Kody","Dickinson","26A/67 Jacobi Ville Apt. 880","town","Victorias","Indiana","Cameroon","540-952-195","332-768-388","Ferry, Feil and Bradtke","http://www.nikolaus.com/","Insulation Installer","navy","1992-02-09","vgoldner@gmail.com","fjlLiJ>h*\i?vo(]"
"f0b9df73-bd01-31db-bfca-551ab330141b","Dr.","Florian","Johnson","79A/24 Grant Plaza Suite 323","ton","Cavite City","Washington","Western Sahara","610-037-159","033-750-487","Bergstrom LLC","https://daugherty.net/fugiat-soluta-quae-suscipit-suscipit-et-aut.html","Stone Cutter","black","1988-10-09","maverick91@vandervort.biz","z6;[%!,.L\kH0"
"1a85b194-21d2-3e07-85f2-a1e5b2dcaabc","Mr.","Vicente","Howe","26A/94 Goodwin Islands","ton","Toledo","Oregon","Indonesia","509-930-016","989-634-003","Keebler and Sons","http://wehner.net/tempore-repellendus-quia-dolore-minus-aut","Talent Director","black","1972-11-18","kuvalis.vanessa@runte.org","[LF#Eh<RJb11%r5ZQ"
"4643adab-716f-3089-a983-5d72ca3e2115","Prof.","Macie","Breitenberg","42 Sanford Ridge","borough","San Fernando","Washington","Liberia","999-636-800","517-831-213","Kling-Wyman","https://wuckert.info/illo-qui-quaerat-mollitia-eius.html","Sociologist","green","1972-12-02","ocassin@marquardt.com","*mBoW3(y2WU>'O}<"
"9c91cc80-ac42-3e7a-a55c-f3d2a79cde20","Mr.","Guy","Brakus","65A Hills Plains","mouth","Pasay","Pennsylvania","Ireland","432-162-624","624-356-444","Schinner PLC","http://www.mertz.net/sed-necessitatibus-ut-voluptatem.html","Vice President Of Human Resources","navy","1989-11-23","jquigley@gmail.com","p|]s<Bx"
"5179b535-ec1d-3b0a-ac11-3d466b1c5cf1","Mr.","Miracle","Schultz","33 Champlin Prairie","land","Lucena","Louisiana","Tuvalu","659-481-063","165-869-019","Ortiz, Daniel and Bechtelar","http://daniel.com/quod-non-numquam-ipsam-et-assumenda-itaque-dolorum.html","Animal Breeder","yellow","1984-12-22","candace93@satterfield.info","Es_poSJ!60JQZI\"
"0b3a3981-ffa2-3ac4-9cb6-21ef749c5701","Mr.","Jeanette","Brakus","03A Witting Extensions Suite 117","view","Alaminos","Arkansas","Liechtenstein","158-127-179","552-035-044","Brown-Schiller","http://www.smitham.com/quis-consequuntur-id-dignissimos-maiores-voluptatibus-molestiae-et-sunt","Urban Planner","fuchsia","1977-08-01","bins.shannon@hotmail.com","mut;VT,9hT?ESPoU~]M"
"f5d973fc-2d54-37f0-8cd7-edb183482922","Dr.","Guadalupe","Cole","48 Koepp Ports Apt. 702","haven","San Fernando","South Dakota","Malawi","098-662-182","178-864-461","Kunde-Kessler","http://kreiger.net/","Explosives Expert","yellow","1987-05-15","goldner.percival@upton.com","oPo7MZG6Da_"
"bd0ab35b-348e-3ed7-be2e-a815d786c37d","Ms.","Georgette","Schulist","14 Schmeler Harbors","mouth","Cadiz","Massachusetts","Cameroon","536-503-186","338-930-926","Witting-O'Keefe","http://www.lubowitz.net/dolores-itaque-eos-est-eligendi-dolore","Designer","gray","1971-12-09","newell.monahan@hotmail.com","$Z:X{0]"
"ba828d23-35ad-3b89-acfa-8b98e2294847","Mrs.","Bryce","Borer","92A Anderson Trail Suite 355","land","Tabaco","Kansas","Malawi","222-468-934","977-459-156","Stanton, Brown and Bailey","https://fadel.com/nobis-qui-mollitia-sequi-repudiandae.html","Office Machine Operator","blue","2020-04-02","steuber.tevin@yahoo.com",")%AH^;V%{nV>$"
"deef296a-85ff-3215-a41a-dbced87f90e8","Dr.","Letitia","Schneider","33A/23 Kuhic Isle","shire","Toledo","Colorado","British Indian Ocean Territory (Chagos Archipelago)","379-951-667","101-872-371","Schultz Ltd","http://www.gulgowski.net/quis-officiis-laborum-natus-sunt.html","Mathematical Scientist","purple","2001-04-15","xdouglas@hotmail.com","pYxmWjS0@mw2SruLUT"
"f7bbb295-6f7f-3b3e-854a-8eb5e205dfb6","Mrs.","Taurean","Nicolas","43A/69 Treutel Lane","fort","Ligao","Idaho","Macao","131-509-957","753-921-510","Strosin-Tremblay","https://monahan.org/consequatur-reprehenderit-consequatur-et.html","Industrial Production Manager","white","2014-06-21","schultz.filomena@yahoo.com","?VGU9$I7&-,v$Tr"
"fa624c82-6ef1-335b-b1a1-9ad8297076dc","Prof.","Toney","Sipes","96A/53 Runolfsdottir Island Apt. 750","borough","Navotas","Oregon","Italy","762-719-949","915-617-533","Shields Group","http://rogahn.biz/sit-dolorem-rerum-eligendi-eius-et.html","Loan Interviewer","navy","2020-04-17","dawn00@king.net","2""|Cqex}'"
"008776e6-4a0b-3825-99df-1b82943d8f5a","Ms.","Jess","Cassin","16/82 McDermott Villages","bury","Tuguegarao","California","South Georgia and the South Sandwich Islands","478-122-336","040-727-668","Reichel Inc","https://rolfson.com/et-libero-voluptate-et-ut-quia.html","Heat Treating Equipment Operator","lime","1979-04-29","bradford51@gmail.com","VW~=>!2Myx|v)dL[DkpF"
"6a3e087f-1350-3f6c-80ba-c76d06679aaa","Prof.","Ephraim","Armstrong","11 Kessler Skyway","berg","Angeles","New Mexico","Finland","382-015-306","649-161-165","Crist Inc","http://breitenberg.net/cum-laboriosam-porro-officia-neque-quae","Municipal Clerk","silver","2000-07-29","ashlee26@rutherford.org","o""Kr""$3<"
"a290df83-7243-367b-8ffb-42e37581646f","Mrs.","Jacey","Sanford","15A/13 Powlowski Walk","chester","Himamaylan","Montana","Burundi","236-794-070","553-350-519","Botsford, Parisian and Lebsack","http://collins.com/","Social Media Marketing Manager","purple","1979-07-04","dare.jazlyn@hotmail.com","?|H>>Hl$XAa(vjt"
"45c2e2a0-a6c5-37af-86cf-3461d58afca5","Dr.","Mackenzie","Crooks","23 Harvey Spur","borough","Victorias","Oregon","Cocos (Keeling) Islands","325-829-979","929-336-795","Farrell-Mosciski","http://www.bosco.org/velit-sint-sed-qui-ea","Woodworker","yellow","2012-11-22","kziemann@hotmail.com",")Tq_\K"
"f749ea8a-138f-31de-b271-e6fd8271620a","Dr.","Quincy","Ziemann","29A/81 Emard Ferry Apt. 553","land","Tabuk","Maine","Turkmenistan","010-758-013","554-319-934","Graham-Boehm","http://ledner.com/adipisci-aliquam-adipisci-quia-minima-eaque-qui","Personal Care Worker","gray","2000-05-05","quigley.cullen@huel.com","f:Js'.mQA=14Ma#4`"
"c4121a9b-2a6f-3f1f-a37f-bc3dc5607316","Miss","Freddie","O'Conner","42A Bernhard Course","mouth","Navotas","Florida","Gibraltar","378-636-813","055-675-345","Shanahan-Barton","http://www.bartell.com/blanditiis-dolore-odit-deserunt-rem-nihil-eius-repellendus","Insurance Sales Agent","green","2004-12-29","grant.dexter@yahoo.com","jS@!m=fDwRm3Oz.;"
"ef2f1598-8c0f-3937-ade8-f61a292edb8c","Prof.","Sophie","Kshlerin","32A Leannon Passage","port","Tagaytay","District of Columbia","Portugal","679-617-028","369-269-465","Denesik and Sons","http://www.emmerich.com/sit-nihil-placeat-quidem-voluptas-dolor-et","Computer Operator","fuchsia","2018-05-03","ujaskolski@cronin.info","b,ky:-,1>P"""
"059f116c-d1f9-3498-8d08-8cc7b32ef78f","Ms.","Aidan","Cummings","66A Walter Tunnel","mouth","Mati","Vermont","Montenegro","119-746-619","981-205-685","Johnston PLC","http://murazik.com/qui-laudantium-numquam-possimus-quae-quos-delectus-ullam-exercitationem.html","Radiologic Technician","silver","1985-03-24","lubowitz.theo@swift.org","lZtv\rIa)y'Zx/fo"
"2d870ac6-4025-3eee-83c1-0cb14d9cf7bc","Miss","Austin","Shanahan","59A/79 Bayer Forge","burgh","Bais","Nebraska","Peru","739-590-869","403-192-263","Prohaska PLC","http://fay.com/qui-ex-temporibus-laudantium-vel-ipsum-veniam-sint.html","Credit Checkers Clerk","gray","1977-03-13","hank72@yahoo.com","@`*t]q:.&-p(#"
"96784a9b-39a0-344c-b5cb-f6c6216a2671","Prof.","Rene","Muller","73 Hintz Harbors Suite 276","ville","Zamboanga City","Washington","Bermuda","638-108-390","663-957-794","Mante, Pfannerstill and Blick","http://lakin.com/amet-voluptates-placeat-ut-harum-eos.html","Product Promoter","aqua","2017-02-12","florencio37@yahoo.com","(C|%`<"
"b20dba4f-dfd3-3360-a65a-ed0a72bc1ef9","Dr.","Hassie","Veum","77 Kemmer Drives","mouth","Batac","New Mexico","Guyana","705-348-124","980-039-782","Deckow-Price","https://ryan.com/culpa-a-laboriosam-vitae-dolorem-ut-excepturi.html","Healthcare","white","2003-01-13","deckow.reginald@yahoo.com","WpLA7XOL&-P""1Rut]H\"
"6106aa43-dc07-3cc7-b971-db5e3ab16abf","Ms.","Clementina","Schuster","26A/70 Harber Summit","port","Koronadal","New Mexico","Svalbard & Jan Mayen Islands","449-423-687","955-976-496","Corkery, Reynolds and Huels","http://www.sawayn.org/libero-sunt-et-illo-aut-adipisci-in-distinctio-iste","Aircraft Engine Specialist","navy","1985-07-15","caltenwerth@mills.com","de2gS|=jy"
"9b0fe50b-b1a5-3bc9-8751-484ac7666e2a","Dr.","Jayce","Casper","38 Hoppe Views Apt. 832","ville","Cauayan","District of Columbia","Brazil","434-063-774","451-725-197","Hegmann-Jerde","http://www.schoen.net/ea-ex-sunt-quod-commodi-pariatur-soluta.html","Shear Machine Set-Up Operator","purple","2005-11-25","nikki.lowe@hotmail.com","K~F|-i"
"281167ed-4b64-340c-b208-1eb50e35bf5c","Mr.","Emilia","Jenkins","42/88 Daniel Plains","town","San Carlos","Utah","United States of America","639-720-218","832-526-619","Klein Ltd","http://www.becker.info/commodi-numquam-voluptate-ut-esse","Electric Meter Installer","fuchsia","1984-05-20","mark19@yahoo.com","9<he;$_"
"67971ccd-ded9-36ad-a534-474f615f2606","Dr.","Fritz","King","42A/05 Senger Pike Suite 421","land","Makati","New Hampshire","Cyprus","929-317-249","565-860-016","Swift-Kunze","http://kirlin.org/dolore-quae-tempora-minus-quod.html","History Teacher","green","1982-09-05","eleonore55@hotmail.com","/<:G_JrF0v{}"
